毛线帽子,,加绒帽子,,护耳帽子,,忍者帽子,,耳罩,,毛线围巾,,加绒围巾,,毛皮围领,,羊绒围巾,,围脖,,五指手套,,连指手套,,防水手套,,连体羽绒服,,轻薄款羽绒服,,长款羽绒服,,短款羽绒服,,羽绒马甲,,长款厚棉服,,短款厚棉服,,棉马甲,,连体棉服,,毛皮外套,,加绒外套,,加绒裤,,羽绒裤,,毛线裤,,夹棉裤,,雪地靴,,皮靴,,棉鞋,,棉拖鞋,,加绒家居服,,夹棉家居服,,户外抱被
4556,,99181,,4556,,138897,,185955,,32830,,57985,,57985,,138105,,11239,,118144,,19144,,83303,,132060,,99007,,145308,,99007,,137354,,11353,,4624,,30340,,4200,,45851,,4476,,23811,,116392,,18590,,98783,,19223,,4955,,4987,,125294,,83225,,162567,,29025
15165,,129332,,15165,,159332,,187406,,99016,,57987,,57987,,139011,,11246,,124764,,19145,,145325,,158657,,99009,,154154,,99009,,141112,,20456,,30169,,44027,,4653,,46036,,43930,,31009,,165328,,23824,,155391,,19225,,4957,,13963,,138353,,96632,,163008,,29026
15171,,130593,,15171,,159375,,195244,,99177,,188730,,148903,,139027,,45909,,134321,,19157,,145327,,159507,,146869,,154155,,116938,,141113,,56447,,30172,,47375,,34364,,46141,,43992,,57699,,165337,,33450,,163315,,19226,,10983,,20347,,144426,,99060,,163045,,29028
19154,,138108,,19195,,164972,,,,99185,,193253,,170224,,139033,,67159,,138932,,19180,,145342,,159533,,146870,,155863,,128881,,141114,,57888,,30173,,48275,,56369,,46485,,44143,,57965,,165338,,53428,,171779,,19227,,11055,,34826,,169380,,99061,,163596,,29029
19156,,138109,,41608,,164980,,,,99600,,194287,,170272,,164018,,67284,,140577,,19199,,145906,,165339,,153734,,159197,,131849,,149550,,66612,,30174,,48315,,67536,,46555,,44156,,116395,,165345,,72158,,171915,,19229,,12351,,41760,,171163,,99063,,167938,,34353
19191,,148180,,41610,,180941,,,,99625,,194288,,170273,,165621,,83226,,140579,,19200,,145907,,165344,,153756,,160849,,131850,,152675,,66613,,30335,,48563,,67540,,47486,,45643,,116570,,165840,,72166,,171923,,19231,,12365,,41820,,171175,,99065,,167939,,35151
19195,,148799,,41845,,180942,,,,118145,,195420,,170275,,165712,,99118,,140582,,19201,,145923,,165351,,154154,,160914,,138329,,153531,,85620,,30336,,48652,,99057,,47525,,45854,,116603,,166177,,100079,,173245,,19233,,28334,,41825,,173369,,99068,,173239,,35157
19198,,148807,,41846,,201055,,,,118147,,195423,,170276,,165728,,99262,,143266,,20251,,145927,,165352,,154155,,162107,,145803,,154153,,85621,,43873,,48691,,99115,,56547,,46283,,144247,,166180,,116412,,173246,,19236,,28345,,41827,,173786,,99071,,173242,,35380
19208,,153238,,49348,,202051,,,,124730,,195424,,184310,,166740,,99626,,143267,,32809,,145932,,165359,,160914,,162108,,145807,,156323,,99001,,45516,,49646,,99148,,56554,,46485,,145826,,166186,,116420,,173247,,19239,,28346,,41855,,186459,,99072,,173255,,35399
19211,,153314,,53942,,202403,,,,124844,,197007,,184740,,174102,,137637,,143268,,41603,,145933,,165362,,161670,,162122,,146395,,157793,,99349,,45572,,57011,,99420,,57462,,47451,,156586,,173258,,116430,,173267,,19240,,28351,,41868,,190353,,99074,,173262,,35405
20231,,153740,,54130,,203093,,,,124924,,205808,,185953,,179643,,139227,,143269,,41842,,145934,,165364,,161671,,162224,,146860,,159519,,99630,,48686,,57492,,99421,,57701,,47457,,157535,,187103,,117334,,173274,,19242,,39843,,41870,,190355,,99079,,173295,,35930
41145,,159325,,54710,,203103,,,,125856,,205809,,185956,,183715,,139228,,143271,,66606,,145950,,166008,,164021,,162299,,146869,,162265,,106806,,48702,,57531,,99604,,57881,,48018,,158736,,196321,,117336,,173279,,19243,,49381,,42010,,190356,,99080,,180756,,56967
41845,,159332,,57570,,215857,,,,128814,,216027,,195997,,183716,,140334,,143274,,78972,,148006,,166014,,165217,,163243,,146870,,163163,,118450,,57893,,57649,,126117,,61025,,48215,,159417,,207103,,117790,,173290,,19245,,49703,,42034,,190357,,99435,,180768,,62628
41925,,159375,,98102,,,,,,131839,,224334,,195998,,183717,,140335,,143285,,78973,,148815,,166016,,165395,,164021,,149008,,163346,,128819,,65290,,65266,,134263,,65270,,48707,,159797,,209598,,118071,,173291,,19248,,54107,,42068,,190358,,106903,,180784,,67997
48751,,159743,,99179,,,,,,136844,,,,,,198566,,140336,,143286,,83303,,149364,,166179,,165397,,164023,,153734,,165435,,132048,,67968,,74811,,144971,,65271,,48714,,159810,,213915,,118474,,173300,,19249,,64829,,53465,,190450,,117238,,180799,,67998
48975,,162023,,99180,,,,,,137517,,,,,,198580,,141071,,143287,,99189,,150046,,166182,,165399,,164045,,153756,,167070,,132057,,95710,,77079,,144998,,65737,,48728,,162098,,,,119317,,173304,,19250,,69582,,53466,,193064,,117241,,180803,,67999
53391,,162025,,99181,,,,,,138105,,,,,,203848,,143823,,143288,,99212,,150048,,167966,,165403,,164718,,156322,,167376,,136635,,98186,,77081,,147909,,99622,,48856,,162315,,,,119335,,173314,,19252,,72540,,53467,,193410,,118058,,187928,,68028
53577,,162069,,99182,,,,,,139011,,,,,,203849,,143948,,143289,,99213,,150057,,171890,,165404,,164719,,156324,,167377,,138446,,98189,,79695,,153336,,117526,,49601,,162335,,,,119910,,173745,,19253,,75525,,53606,,194872,,118122,,188810,,73256
54564,,162070,,99186,,,,,,139012,,,,,,204202,,144062,,143839,,99418,,153278,,173278,,165412,,165407,,158023,,167489,,139306,,98190,,82666,,154476,,119346,,49643,,162439,,,,136695,,173815,,19254,,78585,,54108,,197554,,153884,,220868,,73297
54568,,162087,,99187,,,,,,139027,,,,,,206329,,144124,,143982,,106639,,154542,,173286,,165413,,166326,,159275,,167490,,139337,,99008,,82752,,154479,,126439,,49666,,162467,,,,136818,,186411,,19259,,78647,,54112,,197824,,153995,,220883,,85569
54710,,162088,,125863,,,,,,139033,,,,,,206551,,144140,,144259,,111349,,156860,,183017,,165418,,167067,,159510,,167502,,140906,,99013,,94566,,154480,,128884,,53554,,163752,,,,138254,,186418,,19260,,78653,,54114,,197828,,153996,,220894,,99605
57991,,162090,,128905,,,,,,140584,,,,,,206591,,144141,,144385,,131339,,160194,,187685,,165421,,167112,,159514,,167573,,143278,,99015,,99617,,154683,,128885,,56920,,163755,,,,150035,,196090,,19263,,94494,,54468,,197904,,154010,,220896,,107432
64887,,162129,,130557,,,,,,141028,,,,,,206650,,144401,,145059,,134312,,160195,,188330,,165425,,167360,,159515,,170391,,143291,,99208,,119219,,154684,,135981,,67504,,164578,,,,153273,,211681,,19264,,94866,,54600,,197959,,156853,,,,126644
64891,,162130,,130593,,,,,,141115,,,,,,206655,,145881,,145096,,137518,,160198,,188331,,165431,,167505,,161670,,177152,,143292,,99369,,124812,,156857,,135987,,68017,,171203,,,,154494,,211684,,31250,,94868,,54688,,197960,,156931,,,,128931
65512,,164363,,131493,,,,,,144063,,,,,,,,148903,,145922,,139362,,162100,,188332,,166078,,169723,,161671,,184280,,143293,,99373,,128357,,159488,,135990,,69495,,171211,,,,159701,,211686,,32573,,94871,,61936,,197966,,156942,,,,132138
65521,,166233,,134295,,,,,,145006,,,,,,,,149301,,145923,,139364,,162115,,188360,,166079,,169724,,162260,,184281,,144254,,99374,,128359,,160149,,136630,,69699,,171723,,,,160159,,217615,,32574,,94873,,72949,,197967,,156954,,,,136694
65522,,166458,,138106,,,,,,145309,,,,,,,,152729,,145927,,139365,,169482,,194471,,167378,,171720,,162272,,184896,,144260,,99382,,128363,,160185,,136631,,69804,,171881,,,,161481,,217686,,32575,,95427,,160135,,197978,,156974,,,,138263
67074,,166471,,138108,,,,,,146419,,,,,,,,153232,,145928,,139366,,170526,,194882,,167950,,171724,,162279,,194384,,144315,,99383,,130911,,162308,,137031,,84304,,171919,,,,163873,,217693,,32577,,95440,,160189,,197981,,162360,,,,139167
94449,,166639,,138109,,,,,,146427,,,,,,,,153234,,145939,,139367,,173463,,194883,,170019,,171859,,162298,,194894,,144316,,99387,,131714,,162410,,139079,,85780,,171934,,,,164931,,218092,,40157,,96832,,160190,,197991,,162379,,,,140150
95853,,167783,,138897,,,,,,148908,,,,,,,,154108,,145941,,139368,,183081,,196907,,170020,,171903,,162341,,195949,,144468,,99389,,133427,,162483,,140422,,94548,,171937,,,,166812,,218098,,64829,,97305,,165624,,198217,,162453,,,,140154
98102,,168952,,139165,,,,,,148968,,,,,,,,156871,,145949,,139369,,183082,,196909,,189254,,171908,,163258,,195953,,144473,,99407,,136496,,162749,,144234,,94588,,171965,,,,166814,,218099,,67709,,107419,,165741,,198220,,162708,,,,155440
98999,,168962,,139184,,,,,,149363,,,,,,,,157074,,146841,,139370,,183860,,197413,,189824,,171974,,163404,,198603,,144481,,99613,,137143,,162893,,144244,,94886,,172341,,,,166818,,,,67710,,125156,,169716,,216488,,162959,,,,156847
99118,,169009,,140079,,,,,,150012,,,,,,,,160169,,147943,,139371,,183994,,197442,,193137,,173287,,163524,,207083,,144953,,124813,,137144,,166316,,144258,,99058,,172344,,,,166862,,,,95455,,125190,,170725,,216490,,167746,,,,157803
99179,,170822,,140160,,,,,,153720,,,,,,,,160891,,147951,,139372,,187577,,203836,,194477,,173322,,164676,,209835,,144962,,126403,,137354,,166696,,144335,,99174,,172346,,,,168436,,,,96784,,125192,,171230,,219632,,167937,,,,161969
99180,,171879,,140161,,,,,,153721,,,,,,,,160893,,148034,,139373,,187637,,204000,,206324,,173333,,164679,,210396,,144963,,126657,,137636,,169521,,144342,,99194,,173041,,,,168437,,,,97293,,125610,,173718,,220983,,167939,,,,162967
99181,,173502,,141101,,,,,,153722,,,,,,,,168545,,148045,,139376,,187638,,206746,,206392,,173334,,164680,,213585,,145001,,128818,,137818,,170021,,144365,,99196,,173043,,,,169728,,,,97603,,125620,,173821,,220992,,170586,,,,162974
99182,,173867,,145935,,,,,,154049,,,,,,,,168548,,148065,,140583,,190524,,207377,,206426,,173335,,164681,,215745,,145013,,128886,,137836,,170798,,144408,,99207,,173056,,,,169729,,,,100306,,126408,,181754,,,,173345,,,,163118
99186,,174308,,146267,,,,,,154135,,,,,,,,169005,,148180,,140590,,196690,,208397,,,,173500,,164684,,218546,,145711,,130828,,138152,,171911,,145003,,99273,,173057,,,,169915,,,,107417,,126412,,182800,,,,181938,,,,163241
99187,,174351,,146268,,,,,,154453,,,,,,,,169981,,148800,,141028,,197201,,208654,,,,174820,,164712,,227835,,148062,,130829,,138174,,173278,,145746,,99306,,173306,,,,170383,,,,107423,,126415,,182828,,,,183043,,,,163255
99359,,174915,,146278,,,,,,155190,,,,,,,,174103,,148802,,143967,,202046,,208931,,,,174988,,164714,,227836,,148992,,130849,,138836,,173354,,146482,,99922,,173308,,,,171570,,,,148910,,128116,,182916,,,,184727,,,,163277
99600,,180777,,146283,,,,,,155491,,,,,,,,174104,,148803,,145006,,202060,,209078,,,,174992,,164715,,227886,,153286,,130850,,139257,,173415,,146842,,100233,,173673,,,,171571,,,,150032,,128543,,182921,,,,184728,,,,163322
99625,,180779,,147187,,,,,,155928,,,,,,,,174105,,148804,,145041,,203098,,210771,,,,174993,,164717,,227887,,153712,,130851,,139312,,173454,,147900,,111193,,173746,,,,171573,,,,153197,,131485,,183337,,,,186699,,,,163413
99634,,180783,,148046,,,,,,155929,,,,,,,,174106,,148805,,145047,,209804,,222059,,,,177202,,164720,,,,153990,,130852,,139313,,173811,,148019,,119346,,174306,,,,172341,,,,153315,,133327,,183367,,,,188668,,,,163462
117113,,180790,,148180,,,,,,155930,,,,,,,,183066,,148816,,145049,,,,,,,,184286,,164721,,,,153992,,130853,,139487,,173886,,148793,,126597,,174817,,,,172344,,,,153316,,133446,,183368,,,,189033,,,,163621
117118,,180811,,148370,,,,,,155931,,,,,,,,183070,,148908,,145052,,,,,,,,186406,,164939,,,,154550,,131421,,140241,,180759,,148889,,131235,,174818,,,,173041,,,,153317,,134179,,183379,,,,189034,,,,163622
117119,,180982,,148371,,,,,,156564,,,,,,,,183792,,149364,,145325,,,,,,,,186409,,165217,,,,155867,,131719,,140242,,180819,,149279,,132790,,174830,,,,173043,,,,153318,,134180,,186461,,,,194002,,,,163654
117122,,180983,,148373,,,,,,156835,,,,,,,,183835,,149366,,145327,,,,,,,,186630,,165381,,,,157485,,131846,,140243,,180820,,149280,,132791,,180677,,,,173183,,,,153319,,135727,,186509,,,,195706,,,,164783
117188,,180986,,148466,,,,,,157452,,,,,,,,184731,,149367,,145342,,,,,,,,187549,,165391,,,,157488,,131992,,140246,,180821,,156029,,133406,,180680,,,,179879,,,,153320,,135728,,186510,,,,202542,,,,165208
117190,,180990,,148799,,,,,,157814,,,,,,,,184751,,149368,,145906,,,,,,,,188333,,165395,,,,159813,,132067,,140247,,181864,,156863,,133416,,182736,,,,179884,,,,153321,,135729,,186599,,,,202752,,,,165265
117192,,181723,,148802,,,,,,159664,,,,,,,,187843,,150046,,145907,,,,,,,,189254,,165397,,,,160172,,132068,,140357,,181865,,157494,,133417,,182935,,,,179886,,,,153322,,135730,,188698,,,,207106,,,,165269
117193,,181816,,148807,,,,,,160869,,,,,,,,187901,,150048,,145910,,,,,,,,189720,,165399,,,,160689,,134188,,141112,,181873,,157528,,138104,,182968,,,,179887,,,,153323,,135825,,188717,,,,207107,,,,165273
117194,,182814,,148819,,,,,,162292,,,,,,,,187921,,150050,,145932,,,,,,,,189735,,165401,,,,160865,,135751,,141113,,182246,,159538,,138150,,183451,,,,179890,,,,153324,,135972,,188733,,,,207156,,,,165278
124729,,182818,,148820,,,,,,164791,,,,,,,,193252,,150057,,145933,,,,,,,,189824,,165403,,,,160879,,135978,,141114,,182748,,159647,,138180,,184871,,,,179891,,,,153325,,135977,,190410,,,,208593,,,,165282
124961,,182819,,148861,,,,,,164820,,,,,,,,195406,,150065,,145934,,,,,,,,190262,,165404,,,,161013,,135984,,143826,,183401,,159650,,138342,,185120,,,,179892,,,,153326,,135979,,190411,,,,210379,,,,166075
125858,,182821,,148966,,,,,,165367,,,,,,,,195633,,153193,,145938,,,,,,,,190279,,165412,,,,164250,,136266,,144192,,183462,,159804,,138363,,185121,,,,179893,,,,153519,,135980,,190653,,,,211635,,,,166293
128905,,182822,,152651,,,,,,165621,,,,,,,,196476,,154524,,145940,,,,,,,,190293,,165413,,,,164327,,136268,,144193,,183763,,160218,,138445,,185122,,,,182102,,,,155430,,136274,,190655,,,,211810,,,,166296
131493,,182824,,152851,,,,,,165712,,,,,,,,208728,,154542,,145948,,,,,,,,190483,,165418,,,,164342,,136691,,144194,,183765,,160219,,138448,,186419,,,,184915,,,,157537,,136275,,190656,,,,221031,,,,168416
131839,,182826,,152870,,,,,,165715,,,,,,,,208774,,155490,,145950,,,,,,,,193137,,165421,,,,164349,,136692,,144195,,187649,,160220,,138987,,186993,,,,185170,,,,159523,,136709,,190658,,,,221061,,,,169604
133268,,182903,,152876,,,,,,165716,,,,,,,,209315,,156562,,145956,,,,,,,,193730,,165425,,,,164351,,136697,,144280,,187650,,160695,,139079,,186996,,,,185176,,,,159524,,136711,,194372,,,,225367,,,,173660
134295,,183403,,152879,,,,,,165717,,,,,,,,209316,,156565,,146428,,,,,,,,193734,,165429,,,,164366,,137032,,144416,,187919,,161660,,144180,,187472,,,,185177,,,,160148,,136712,,194379,,,,,,,,180921
134805,,183808,,152971,,,,,,165719,,,,,,,,209318,,160195,,147532,,,,,,,,194058,,165431,,,,164367,,137050,,144469,,189184,,161672,,144246,,187474,,,,185178,,,,165741,,136713,,195707,,,,,,,,181860
136846,,183830,,153238,,,,,,165721,,,,,,,,209319,,160198,,147533,,,,,,,,195950,,165432,,,,164921,,137359,,144474,,190451,,163311,,144328,,187475,,,,185594,,,,168151,,136714,,195709,,,,,,,,181861
136847,,184736,,153257,,,,,,165722,,,,,,,,209444,,161608,,148006,,,,,,,,196408,,165433,,,,164923,,137634,,144483,,193617,,164038,,144347,,187485,,,,187072,,,,170513,,136715,,195851,,,,,,,,181862
136855,,185568,,153314,,,,,,165724,,,,,,,,209445,,161633,,148815,,,,,,,,196905,,165434,,,,164934,,137669,,144851,,193919,,164324,,145358,,187486,,,,187488,,,,170813,,137155,,195909,,,,,,,,182169
137519,,185922,,153348,,,,,,165725,,,,,,,,209794,,162100,,148825,,,,,,,,197063,,165441,,,,164938,,138186,,144852,,193939,,164325,,146242,,187489,,,,187489,,,,171460,,137156,,197434,,,,,,,,182994
137530,,185949,,153740,,,,,,165728,,,,,,,,209796,,162115,,149287,,,,,,,,197095,,165744,,,,164940,,138258,,144927,,195830,,166324,,146257,,187490,,,,187496,,,,171691,,137375,,197830,,,,,,,,184278
138106,,185959,,156653,,,,,,166068,,,,,,,,209809,,163933,,149368,,,,,,,,198016,,166078,,,,166100,,138447,,145733,,195859,,167042,,146259,,187495,,,,187564,,,,171813,,138101,,197844,,,,,,,,186942
138108,,186513,,157129,,,,,,166156,,,,,,,,209810,,163968,,149369,,,,,,,,203605,,166079,,,,166460,,138450,,145921,,195987,,167071,,147942,,187498,,,,187588,,,,171817,,138149,,197925,,,,,,,,186943
138109,,187559,,159332,,,,,,166163,,,,,,,,210510,,165637,,149563,,,,,,,,203682,,166092,,,,166619,,139308,,145961,,195988,,167440,,147949,,187499,,,,189190,,,,173686,,138189,,197928,,,,,,,,186944
138897,,187589,,159375,,,,,,166313,,,,,,,,215058,,166074,,150058,,,,,,,,203684,,166101,,,,166629,,139310,,146249,,195989,,167574,,147982,,187544,,,,189663,,,,174932,,138192,,198029,,,,,,,,186945
138917,,187616,,159743,,,,,,166740,,,,,,,,215417,,166145,,150059,,,,,,,,203697,,166327,,,,166901,,139311,,146423,,195990,,167946,,148019,,188191,,,,189664,,,,182700,,138352,,198178,,,,,,,,189488
138933,,188852,,160844,,,,,,168955,,,,,,,,215824,,166646,,153238,,,,,,,,203736,,166430,,,,167110,,140416,,147980,,196319,,167996,,148056,,188192,,,,189744,,,,182726,,138361,,198425,,,,,,,,189599
138934,,188980,,160962,,,,,,168960,,,,,,,,215839,,167551,,153257,,,,,,,,203813,,166431,,,,167159,,140905,,149550,,196320,,170038,,148059,,188193,,,,190196,,,,182916,,138609,,198436,,,,,,,,189626
139036,,188981,,160963,,,,,,170424,,,,,,,,215843,,167747,,153278,,,,,,,,204062,,166887,,,,167160,,143260,,149977,,196544,,170542,,149515,,188250,,,,190201,,,,188778,,138875,,201308,,,,,,,,190446
139037,,188982,,161607,,,,,,170844,,,,,,,,215856,,167773,,153314,,,,,,,,205795,,167066,,,,167722,,143276,,152675,,202772,,171973,,155241,,188252,,,,190254,,,,190439,,138876,,203314,,,,,,,,193612
139038,,189064,,161844,,,,,,170845,,,,,,,,215858,,167774,,153720,,,,,,,,205801,,167109,,,,167727,,143277,,153531,,202928,,173562,,155964,,188256,,,,190258,,,,193046,,138877,,203347,,,,,,,,193613
139039,,189065,,162023,,,,,,170846,,,,,,,,215860,,167775,,154439,,,,,,,,206053,,167378,,,,167753,,144167,,153762,,204217,,173685,,156852,,188261,,,,190259,,,,193966,,139075,,203358,,,,,,,,193901
139247,,189246,,162025,,,,,,171684,,,,,,,,215875,,170841,,154626,,,,,,,,206426,,167491,,,,168029,,144172,,154150,,209007,,173758,,157136,,188270,,,,192801,,,,193967,,139121,,203360,,,,,,,,193903
140079,,189481,,162069,,,,,,171949,,,,,,,,217346,,170842,,156860,,,,,,,,206587,,167492,,,,168133,,144175,,154152,,214046,,173788,,159703,,188271,,,,192806,,,,194781,,139134,,203361,,,,,,,,194455
140308,,192753,,162070,,,,,,171951,,,,,,,,221930,,170843,,156868,,,,,,,,206853,,167493,,,,168635,,144183,,154153,,214047,,173796,,160167,,188660,,,,192810,,,,194782,,139160,,203368,,,,,,,,194456
140338,,192772,,162087,,,,,,171958,,,,,,,,221931,,171170,,159659,,,,,,,,206975,,167503,,,,168636,,144275,,155245,,214048,,175429,,160218,,188975,,,,192811,,,,194783,,140064,,203456,,,,,,,,194756
140578,,193120,,162129,,,,,,171959,,,,,,,,221932,,171178,,159660,,,,,,,,206977,,167576,,,,168648,,144309,,155500,,214049,,176005,,160219,,189718,,,,192816,,,,194784,,140293,,203460,,,,,,,,196418
140580,,193429,,162130,,,,,,171960,,,,,,,,221988,,171188,,159661,,,,,,,,206978,,167950,,,,168649,,144406,,156062,,214051,,183620,,160220,,189728,,,,192817,,,,194785,,140316,,206252,,,,,,,,203886
140581,,193594,,164363,,,,,,171979,,,,,,,,225329,,172788,,160194,,,,,,,,206979,,168224,,,,168650,,144415,,156089,,214061,,183621,,162246,,189730,,,,193266,,,,194786,,140317,,206673,,,,,,,,206578
141028,,193595,,164958,,,,,,171999,,,,,,,,,,172811,,160890,,,,,,,,207373,,169708,,,,169500,,144417,,156139,,214062,,183622,,162371,,189732,,,,193337,,,,194787,,140847,,206680,,,,,,,,206916
141101,,193596,,164972,,,,,,172372,,,,,,,,,,172812,,160892,,,,,,,,207376,,170019,,,,170522,,144470,,156323,,214064,,184124,,162683,,189737,,,,193745,,,,194788,,143838,,206725,,,,,,,,207127
141102,,193597,,164980,,,,,,173289,,,,,,,,,,172818,,162025,,,,,,,,208025,,170020,,,,170561,,144482,,156872,,214065,,185900,,162848,,189740,,,,193747,,,,195523,,144256,,207468,,,,,,,,207182
143452,,193598,,165003,,,,,,173747,,,,,,,,,,172820,,162059,,,,,,,,209070,,171722,,,,170709,,144853,,156903,,214066,,189197,,164262,,189744,,,,193808,,,,196444,,144282,,208368,,,,,,,,207369
143949,,193600,,165240,,,,,,173785,,,,,,,,,,173563,,162068,,,,,,,,209071,,171863,,,,170711,,144854,,157137,,214067,,189199,,164641,,189746,,,,193828,,,,196445,,144299,,208369,,,,,,,,210742
143984,,193603,,165370,,,,,,174101,,,,,,,,,,174090,,162083,,,,,,,,211438,,171876,,,,170712,,144855,,157347,,214068,,190401,,164642,,190044,,,,195413,,,,196448,,144487,,208370,,,,,,,,211780
144064,,193604,,165452,,,,,,174102,,,,,,,,,,174091,,162084,,,,,,,,211543,,171884,,,,170811,,144856,,157491,,214069,,192749,,166917,,190196,,,,195553,,,,196449,,144754,,208371,,,,,,,,215427
144065,,193605,,165458,,,,,,174364,,,,,,,,,,174092,,162085,,,,,,,,211844,,171916,,,,171717,,144857,,157525,,214070,,192750,,167127,,190210,,,,195627,,,,196450,,144982,,208372,,,,,,,,215428
144104,,193606,,166085,,,,,,174365,,,,,,,,,,174094,,162086,,,,,,,,214022,,172347,,,,171718,,144964,,157539,,214071,,192881,,167132,,190214,,,,195669,,,,196451,,145015,,208373,,,,,,,,215806
144238,,193608,,166090,,,,,,174366,,,,,,,,,,174097,,162518,,,,,,,,214037,,173049,,,,171856,,145004,,157548,,214072,,193121,,167628,,190247,,,,195695,,,,196452,,145227,,208374,,,,,,,,220857
144270,,193609,,166233,,,,,,174367,,,,,,,,,,174743,,162784,,,,,,,,214347,,173053,,,,171864,,145036,,157793,,214073,,193834,,167684,,190251,,,,195696,,,,196453,,145242,,208375,,,,,,,,
144272,,194035,,166458,,,,,,174368,,,,,,,,,,180776,,164363,,,,,,,,214899,,173270,,,,171900,,145053,,158010,,214264,,194094,,167996,,190254,,,,195857,,,,196454,,145768,,208376,,,,,,,,
144277,,194271,,166471,,,,,,174369,,,,,,,,,,180798,,164954,,,,,,,,215221,,173272,,,,172009,,145237,,158260,,214966,,199028,,168745,,190255,,,,195858,,,,196455,,146199,,208377,,,,,,,,
144302,,194274,,166849,,,,,,174910,,,,,,,,,,180922,,164956,,,,,,,,215222,,173329,,,,172011,,145719,,158352,,215065,,203749,,169524,,190258,,,,196088,,,,196456,,146217,,208378,,,,,,,,
144307,,194449,,167037,,,,,,174912,,,,,,,,,,181640,,164957,,,,,,,,215223,,173330,,,,173332,,145831,,158585,,215068,,204212,,170039,,190259,,,,207454,,,,196457,,146236,,208379,,,,,,,,
144313,,194903,,167372,,,,,,174966,,,,,,,,,,183066,,165203,,,,,,,,215227,,173331,,,,180906,,145839,,158619,,215805,,205655,,170593,,190266,,,,207871,,,,196564,,146237,,208523,,,,,,,,
144411,,194904,,167552,,,,,,174976,,,,,,,,,,183070,,165210,,,,,,,,215230,,174838,,,,180926,,145895,,159290,,215807,,205828,,170595,,190283,,,,208289,,,,196565,,146248,,208563,,,,,,,,
144412,,194905,,167783,,,,,,174977,,,,,,,,,,183082,,165368,,,,,,,,215232,,174995,,,,181646,,146219,,159519,,215808,,205969,,171069,,190285,,,,208290,,,,196763,,146254,,208574,,,,,,,,
144427,,194911,,168062,,,,,,175032,,,,,,,,,,183794,,165443,,,,,,,,215270,,180754,,,,181650,,146251,,159762,,215809,,205970,,171875,,190316,,,,210077,,,,197050,,146274,,208694,,,,,,,,
145006,,195415,,168952,,,,,,175033,,,,,,,,,,183795,,165445,,,,,,,,215274,,183016,,,,181763,,146861,,159883,,215810,,207152,,171947,,190318,,,,210078,,,,197171,,146294,,208769,,,,,,,,
145033,,195417,,168962,,,,,,175100,,,,,,,,,,183860,,166520,,,,,,,,216046,,183964,,,,181847,,146862,,160158,,215811,,207981,,171962,,190319,,,,210079,,,,197236,,146298,,210095,,,,,,,,
145034,,195434,,169009,,,,,,175505,,,,,,,,,,183994,,166521,,,,,,,,218521,,184279,,,,182053,,147108,,160166,,216040,,208582,,171973,,190325,,,,210080,,,,197539,,146299,,210096,,,,,,,,
145035,,195774,,169753,,,,,,175609,,,,,,,,,,184754,,166697,,,,,,,,218535,,184282,,,,183121,,147544,,161352,,216109,,208586,,172761,,192927,,,,210081,,,,197543,,146751,,210097,,,,,,,,
145041,,195843,,169789,,,,,,180778,,,,,,,,,,185570,,166739,,,,,,,,218538,,184287,,,,183684,,147896,,161379,,224176,,208633,,172776,,192930,,,,210411,,,,197646,,146756,,210098,,,,,,,,
145042,,195846,,169817,,,,,,180791,,,,,,,,,,185919,,167088,,,,,,,,218543,,186985,,,,183849,,147912,,161657,,224181,,208648,,172822,,192958,,,,210418,,,,197651,,146767,,213523,,,,,,,,
145043,,195848,,169822,,,,,,180797,,,,,,,,,,185950,,167370,,,,,,,,218549,,187942,,,,185911,,147952,,161661,,224196,,208710,,172912,,192959,,,,211490,,,,197654,,146774,,214468,,,,,,,,
145044,,195849,,169823,,,,,,181640,,,,,,,,,,185954,,167371,,,,,,,,218596,,187943,,,,185914,,148043,,162062,,224242,,208724,,173282,,192960,,,,213188,,,,197659,,146775,,214507,,,,,,,,
145048,,196094,,170538,,,,,,184152,,,,,,,,,,193048,,167549,,,,,,,,218602,,187944,,,,186410,,148153,,162265,,224339,,209008,,173562,,192962,,,,215581,,,,197667,,146875,,214512,,,,,,,,
145049,,196323,,170822,,,,,,184740,,,,,,,,,,194189,,169482,,,,,,,,218604,,188253,,,,186620,,148195,,162266,,,,210669,,173680,,193728,,,,217031,,,,197670,,147848,,218689,,,,,,,,
145050,,196472,,171372,,,,,,185937,,,,,,,,,,194215,,169818,,,,,,,,220785,,188263,,,,186689,,148207,,162435,,,,217349,,173685,,193729,,,,217044,,,,197676,,147967,,218692,,,,,,,,
145051,,196474,,171390,,,,,,185943,,,,,,,,,,194217,,170408,,,,,,,,220808,,188334,,,,187037,,148330,,163163,,,,217356,,174960,,193745,,,,217584,,,,197686,,147971,,218699,,,,,,,,
145056,,196481,,171879,,,,,,185958,,,,,,,,,,194218,,170844,,,,,,,,220814,,188335,,,,187658,,148372,,163346,,,,217892,,180728,,193747,,,,217657,,,,197692,,147974,,222463,,,,,,,,
145057,,196765,,171953,,,,,,188411,,,,,,,,,,194220,,170845,,,,,,,,220817,,188361,,,,187883,,148374,,163740,,,,218073,,181846,,193808,,,,217720,,,,197703,,147975,,228125,,,,,,,,
145058,,196768,,173606,,,,,,189203,,,,,,,,,,194221,,171872,,,,,,,,223227,,188995,,,,188415,,149278,,164371,,,,218589,,182954,,193828,,,,217777,,,,197710,,148032,,228142,,,,,,,,
145059,,196906,,173808,,,,,,192733,,,,,,,,,,194929,,171935,,,,,,,,223345,,189231,,,,188628,,149283,,165435,,,,218623,,183990,,194106,,,,217780,,,,197722,,148036,,228150,,,,,,,,
145137,,196922,,173820,,,,,,193446,,,,,,,,,,195245,,171944,,,,,,,,225422,,189497,,,,189170,,149286,,166755,,,,218639,,183998,,194111,,,,220934,,,,197731,,148557,,,,,,,,,,
145804,,197008,,173823,,,,,,193447,,,,,,,,,,195419,,171950,,,,,,,,,,189500,,,,189185,,150091,,166872,,,,220956,,184289,,194134,,,,221373,,,,197801,,149579,,,,,,,,,,
145836,,198640,,173865,,,,,,195574,,,,,,,,,,195430,,171961,,,,,,,,,,189729,,,,190209,,150093,,167070,,,,222586,,184510,,194135,,,,221374,,,,197863,,149943,,,,,,,,,,
145910,,198642,,173867,,,,,,195575,,,,,,,,,,195431,,172874,,,,,,,,,,189733,,,,190226,,153182,,167157,,,,225348,,184760,,194137,,,,223347,,,,197869,,149960,,,,,,,,,,
145922,,202017,,173885,,,,,,195576,,,,,,,,,,195992,,172875,,,,,,,,,,189734,,,,190227,,153222,,167286,,,,225351,,184872,,194693,,,,223349,,,,197872,,149969,,,,,,,,,,
145935,,205799,,174308,,,,,,195992,,,,,,,,,,205788,,172876,,,,,,,,,,190541,,,,190228,,153259,,167319,,,,225557,,184873,,195720,,,,224168,,,,197878,,150033,,,,,,,,,,
145936,,206812,,174351,,,,,,196141,,,,,,,,,,207292,,172907,,,,,,,,,,192666,,,,190295,,153262,,167320,,,,228113,,185109,,195723,,,,224178,,,,197880,,151973,,,,,,,,,,
145938,,207248,,174911,,,,,,196691,,,,,,,,,,207293,,172908,,,,,,,,,,193731,,,,190464,,153283,,167376,,,,228327,,185117,,195779,,,,224316,,,,197884,,151981,,,,,,,,,,
145939,,207305,,174915,,,,,,197007,,,,,,,,,,208355,,173273,,,,,,,,,,193735,,,,190466,,153298,,167377,,,,228328,,186678,,195784,,,,224318,,,,197886,,151982,,,,,,,,,,
145940,,207306,,174982,,,,,,202053,,,,,,,,,,208746,,173284,,,,,,,,,,193736,,,,190486,,153713,,167489,,,,228427,,187583,,195801,,,,224322,,,,197889,,151990,,,,,,,,,,
145941,,207881,,180693,,,,,,203105,,,,,,,,,,208898,,173463,,,,,,,,,,193743,,,,190487,,153714,,167490,,,,,,187900,,195805,,,,224360,,,,197895,,151992,,,,,,,,,,
145948,,208517,,180694,,,,,,205802,,,,,,,,,,209393,,173808,,,,,,,,,,193840,,,,192634,,153715,,167502,,,,,,187920,,196363,,,,225530,,,,197897,,152047,,,,,,,,,,
145949,,208518,,180777,,,,,,207307,,,,,,,,,,209394,,173823,,,,,,,,,,193850,,,,192893,,153983,,167573,,,,,,187933,,196894,,,,228444,,,,197900,,152057,,,,,,,,,,
145953,,208524,,180779,,,,,,207949,,,,,,,,,,209397,,174849,,,,,,,,,,194047,,,,192913,,154014,,168304,,,,,,188429,,196898,,,,,,,,197901,,152059,,,,,,,,,,
145956,,208526,,180783,,,,,,209257,,,,,,,,,,209398,,174909,,,,,,,,,,194383,,,,192914,,154181,,168523,,,,,,188431,,205793,,,,,,,,197908,,152060,,,,,,,,,,
146092,,208584,,180790,,,,,,209312,,,,,,,,,,209402,,174914,,,,,,,,,,194386,,,,192915,,156031,,168524,,,,,,188432,,205800,,,,,,,,197910,,152062,,,,,,,,,,
146247,,208622,,180811,,,,,,211645,,,,,,,,,,209405,,180761,,,,,,,,,,194477,,,,192921,,156037,,168526,,,,,,188433,,205811,,,,,,,,197982,,152726,,,,,,,,,,
146267,,209793,,180824,,,,,,211647,,,,,,,,,,209409,,180793,,,,,,,,,,194880,,,,192922,,156044,,168533,,,,,,188434,,205813,,,,,,,,197987,,153197,,,,,,,,,,
146268,,209798,,180941,,,,,,213576,,,,,,,,,,209411,,180908,,,,,,,,,,194881,,,,194044,,156216,,168534,,,,,,188435,,205992,,,,,,,,197989,,153231,,,,,,,,,,
146278,,209801,,180942,,,,,,214392,,,,,,,,,,209413,,182011,,,,,,,,,,194886,,,,194163,,156869,,168535,,,,,,188436,,205995,,,,,,,,198003,,153277,,,,,,,,,,
146280,,211620,,181816,,,,,,214410,,,,,,,,,,211619,,182012,,,,,,,,,,194887,,,,194164,,157293,,168637,,,,,,188437,,205996,,,,,,,,198010,,153284,,,,,,,,,,
146281,,211621,,181867,,,,,,215779,,,,,,,,,,211653,,182013,,,,,,,,,,194889,,,,194165,,157295,,169666,,,,,,188438,,206889,,,,,,,,198015,,153292,,,,,,,,,,
146284,,213429,,181898,,,,,,224325,,,,,,,,,,211654,,183081,,,,,,,,,,194892,,,,194166,,157484,,169682,,,,,,188439,,207061,,,,,,,,198018,,153753,,,,,,,,,,
146285,,213430,,182814,,,,,,,,,,,,,,,,211655,,183406,,,,,,,,,,194893,,,,194167,,157489,,169683,,,,,,188440,,207082,,,,,,,,198020,,153754,,,,,,,,,,
146429,,213431,,182818,,,,,,,,,,,,,,,,211656,,183812,,,,,,,,,,195157,,,,194344,,157541,,170027,,,,,,188441,,207253,,,,,,,,198029,,153765,,,,,,,,,,
146450,,213923,,182819,,,,,,,,,,,,,,,,211831,,184715,,,,,,,,,,195935,,,,195217,,157760,,170391,,,,,,188442,,207638,,,,,,,,198042,,154426,,,,,,,,,,
146844,,214437,,182821,,,,,,,,,,,,,,,,221891,,184738,,,,,,,,,,195938,,,,195218,,158008,,170853,,,,,,188673,,207853,,,,,,,,198087,,155430,,,,,,,,,,
146886,,215419,,182822,,,,,,,,,,,,,,,,221892,,184828,,,,,,,,,,195939,,,,195458,,158013,,170855,,,,,,188689,,207854,,,,,,,,198178,,155927,,,,,,,,,,
147187,,215802,,182824,,,,,,,,,,,,,,,,221893,,185180,,,,,,,,,,195940,,,,195474,,158021,,171217,,,,,,188854,,208323,,,,,,,,198181,,155937,,,,,,,,,,
147846,,215813,,182826,,,,,,,,,,,,,,,,221898,,185181,,,,,,,,,,195942,,,,195704,,158025,,171218,,,,,,188856,,210405,,,,,,,,198183,,155938,,,,,,,,,,
147853,,215815,,182903,,,,,,,,,,,,,,,,221910,,185576,,,,,,,,,,195945,,,,195734,,158106,,171845,,,,,,188884,,210533,,,,,,,,198191,,156224,,,,,,,,,,
147870,,215859,,182905,,,,,,,,,,,,,,,,221912,,185580,,,,,,,,,,195948,,,,195777,,158109,,171858,,,,,,188885,,210542,,,,,,,,198200,,156347,,,,,,,,,,
147879,,216025,,183378,,,,,,,,,,,,,,,,221913,,185581,,,,,,,,,,195951,,,,195828,,158110,,173248,,,,,,190425,,210551,,,,,,,,198201,,156372,,,,,,,,,,
147884,,216028,,183403,,,,,,,,,,,,,,,,221916,,185582,,,,,,,,,,196322,,,,195861,,159193,,173277,,,,,,192876,,210562,,,,,,,,198203,,156838,,,,,,,,,,
147938,,216049,,183808,,,,,,,,,,,,,,,,221919,,185583,,,,,,,,,,196528,,,,195867,,159287,,173615,,,,,,192888,,210567,,,,,,,,198207,,156839,,,,,,,,,,
148002,,217017,,183828,,,,,,,,,,,,,,,,221920,,185587,,,,,,,,,,196534,,,,195871,,159288,,173675,,,,,,192919,,210569,,,,,,,,198212,,157065,,,,,,,,,,
148005,,217276,,183830,,,,,,,,,,,,,,,,221921,,185921,,,,,,,,,,196904,,,,196655,,159682,,173868,,,,,,192992,,210689,,,,,,,,198221,,157070,,,,,,,,,,
148035,,217296,,184055,,,,,,,,,,,,,,,,221924,,185936,,,,,,,,,,196910,,,,196656,,159763,,174832,,,,,,193789,,211490,,,,,,,,198225,,157072,,,,,,,,,,
148050,,217679,,184499,,,,,,,,,,,,,,,,221925,,185939,,,,,,,,,,196912,,,,196658,,159764,,174841,,,,,,193863,,211560,,,,,,,,198234,,157075,,,,,,,,,,
148064,,217684,,184734,,,,,,,,,,,,,,,,221926,,185945,,,,,,,,,,197291,,,,196661,,159765,,175535,,,,,,194254,,213905,,,,,,,,198240,,157463,,,,,,,,,,
148067,,218148,,184736,,,,,,,,,,,,,,,,221928,,185952,,,,,,,,,,198021,,,,196857,,159766,,177152,,,,,,194295,,214477,,,,,,,,198243,,157465,,,,,,,,,,
148157,,218149,,184828,,,,,,,,,,,,,,,,221929,,186471,,,,,,,,,,198030,,,,196895,,159848,,177228,,,,,,194296,,215197,,,,,,,,198251,,157468,,,,,,,,,,
148174,,218150,,185568,,,,,,,,,,,,,,,,224244,,186847,,,,,,,,,,198985,,,,197285,,160136,,180682,,,,,,194297,,215228,,,,,,,,198255,,157495,,,,,,,,,,
148370,,218151,,185922,,,,,,,,,,,,,,,,,,186896,,,,,,,,,,199796,,,,202057,,160138,,180692,,,,,,194309,,216036,,,,,,,,198257,,158048,,,,,,,,,,
148371,,220630,,185942,,,,,,,,,,,,,,,,,,187577,,,,,,,,,,199798,,,,202359,,160153,,181764,,,,,,194310,,216042,,,,,,,,198260,,158052,,,,,,,,,,
148373,,220901,,185949,,,,,,,,,,,,,,,,,,187592,,,,,,,,,,203548,,,,202447,,160188,,182667,,,,,,194311,,218089,,,,,,,,198263,,158108,,,,,,,,,,
148466,,221082,,185959,,,,,,,,,,,,,,,,,,187637,,,,,,,,,,203705,,,,202451,,160217,,182746,,,,,,194814,,218709,,,,,,,,198267,,158669,,,,,,,,,,
148800,,221088,,186513,,,,,,,,,,,,,,,,,,187638,,,,,,,,,,203817,,,,202658,,160230,,183997,,,,,,194837,,219860,,,,,,,,198289,,158670,,,,,,,,,,
148802,,221776,,187559,,,,,,,,,,,,,,,,,,187639,,,,,,,,,,203990,,,,203685,,160692,,184240,,,,,,194839,,220763,,,,,,,,198290,,158751,,,,,,,,,,
148803,,221902,,187589,,,,,,,,,,,,,,,,,,188814,,,,,,,,,,204005,,,,204196,,160694,,184280,,,,,,195172,,220838,,,,,,,,198299,,159178,,,,,,,,,,
148804,,221904,,187616,,,,,,,,,,,,,,,,,,189483,,,,,,,,,,204307,,,,206108,,160699,,184281,,,,,,195173,,221273,,,,,,,,198304,,159196,,,,,,,,,,
148805,,221905,,188379,,,,,,,,,,,,,,,,,,189591,,,,,,,,,,204442,,,,206113,,160855,,184896,,,,,,195253,,221780,,,,,,,,198370,,159522,,,,,,,,,,
148814,,222309,,188852,,,,,,,,,,,,,,,,,,190524,,,,,,,,,,204747,,,,206138,,161092,,185050,,,,,,195279,,223230,,,,,,,,198372,,159523,,,,,,,,,,
148816,,223364,,188980,,,,,,,,,,,,,,,,,,192716,,,,,,,,,,205758,,,,206844,,161113,,185142,,,,,,195404,,224304,,,,,,,,198394,,159524,,,,,,,,,,
148825,,223365,,188981,,,,,,,,,,,,,,,,,,193913,,,,,,,,,,205798,,,,206895,,161653,,185187,,,,,,195676,,224306,,,,,,,,198490,,159674,,,,,,,,,,
148826,,223366,,188982,,,,,,,,,,,,,,,,,,194043,,,,,,,,,,205848,,,,206904,,161654,,185649,,,,,,195735,,228414,,,,,,,,198495,,159675,,,,,,,,,,
148861,,225680,,189064,,,,,,,,,,,,,,,,,,194322,,,,,,,,,,205982,,,,206949,,161655,,185870,,,,,,196135,,228463,,,,,,,,198499,,159739,,,,,,,,,,
148892,,,,189065,,,,,,,,,,,,,,,,,,195410,,,,,,,,,,206324,,,,207656,,161656,,187266,,,,,,196424,,,,,,,,,,198506,,160157,,,,,,,,,,
148908,,,,189246,,,,,,,,,,,,,,,,,,195427,,,,,,,,,,206356,,,,209009,,161662,,187741,,,,,,196509,,,,,,,,,,198515,,160859,,,,,,,,,,
148966,,,,189481,,,,,,,,,,,,,,,,,,195429,,,,,,,,,,206392,,,,209215,,161679,,188274,,,,,,196603,,,,,,,,,,198517,,161083,,,,,,,,,,
148967,,,,189913,,,,,,,,,,,,,,,,,,195574,,,,,,,,,,206537,,,,209224,,161680,,188781,,,,,,196917,,,,,,,,,,198521,,161119,,,,,,,,,,
149060,,,,190034,,,,,,,,,,,,,,,,,,195575,,,,,,,,,,206573,,,,209885,,161711,,189011,,,,,,206839,,,,,,,,,,198527,,161183,,,,,,,,,,
149061,,,,190449,,,,,,,,,,,,,,,,,,195576,,,,,,,,,,206618,,,,209907,,161712,,189555,,,,,,206884,,,,,,,,,,198529,,161184,,,,,,,,,,
149288,,,,190455,,,,,,,,,,,,,,,,,,195839,,,,,,,,,,206648,,,,210631,,161715,,189644,,,,,,206897,,,,,,,,,,198537,,161185,,,,,,,,,,
149294,,,,190456,,,,,,,,,,,,,,,,,,195845,,,,,,,,,,206666,,,,211446,,161725,,189778,,,,,,206942,,,,,,,,,,198540,,161614,,,,,,,,,,
149295,,,,193120,,,,,,,,,,,,,,,,,,196483,,,,,,,,,,206671,,,,211496,,161837,,189781,,,,,,207024,,,,,,,,,,198544,,161623,,,,,,,,,,
149298,,,,193429,,,,,,,,,,,,,,,,,,196690,,,,,,,,,,206698,,,,211682,,161838,,190304,,,,,,207147,,,,,,,,,,198546,,161635,,,,,,,,,,
149299,,,,193452,,,,,,,,,,,,,,,,,,196692,,,,,,,,,,206905,,,,213072,,161839,,190305,,,,,,207150,,,,,,,,,,198553,,161961,,,,,,,,,,
149351,,,,193594,,,,,,,,,,,,,,,,,,196708,,,,,,,,,,207374,,,,213197,,162032,,190309,,,,,,207152,,,,,,,,,,198559,,161981,,,,,,,,,,
150002,,,,193595,,,,,,,,,,,,,,,,,,196710,,,,,,,,,,207375,,,,213436,,162079,,190310,,,,,,207757,,,,,,,,,,198564,,162010,,,,,,,,,,
150038,,,,193596,,,,,,,,,,,,,,,,,,196765,,,,,,,,,,208026,,,,213449,,162110,,192886,,,,,,208669,,,,,,,,,,198569,,162011,,,,,,,,,,
150052,,,,193597,,,,,,,,,,,,,,,,,,196768,,,,,,,,,,208652,,,,213462,,162123,,193286,,,,,,208713,,,,,,,,,,198581,,163776,,,,,,,,,,
150063,,,,193598,,,,,,,,,,,,,,,,,,196946,,,,,,,,,,208889,,,,214319,,162124,,193871,,,,,,209570,,,,,,,,,,198583,,164121,,,,,,,,,,
152651,,,,193599,,,,,,,,,,,,,,,,,,197011,,,,,,,,,,209069,,,,214937,,162225,,194384,,,,,,210329,,,,,,,,,,198627,,164125,,,,,,,,,,
152851,,,,193600,,,,,,,,,,,,,,,,,,197012,,,,,,,,,,209833,,,,215260,,162250,,194894,,,,,,210397,,,,,,,,,,198669,,164126,,,,,,,,,,
152852,,,,193602,,,,,,,,,,,,,,,,,,197201,,,,,,,,,,210632,,,,215306,,162263,,195288,,,,,,210400,,,,,,,,,,198687,,164129,,,,,,,,,,
153226,,,,193603,,,,,,,,,,,,,,,,,,198032,,,,,,,,,,210757,,,,215783,,162289,,195837,,,,,,210669,,,,,,,,,,201316,,164144,,,,,,,,,,
153227,,,,193604,,,,,,,,,,,,,,,,,,198082,,,,,,,,,,210758,,,,215789,,162294,,195863,,,,,,210674,,,,,,,,,,201642,,164158,,,,,,,,,,
153236,,,,194035,,,,,,,,,,,,,,,,,,202027,,,,,,,,,,210764,,,,215864,,162524,,195949,,,,,,211451,,,,,,,,,,201644,,164779,,,,,,,,,,
153238,,,,194244,,,,,,,,,,,,,,,,,,202046,,,,,,,,,,210765,,,,216010,,162731,,195953,,,,,,211483,,,,,,,,,,201646,,164963,,,,,,,,,,
153257,,,,194246,,,,,,,,,,,,,,,,,,202060,,,,,,,,,,213289,,,,216011,,163238,,196412,,,,,,211486,,,,,,,,,,201648,,165001,,,,,,,,,,
153655,,,,194247,,,,,,,,,,,,,,,,,,202328,,,,,,,,,,213583,,,,218067,,164259,,196659,,,,,,211488,,,,,,,,,,201652,,165007,,,,,,,,,,
153720,,,,194271,,,,,,,,,,,,,,,,,,203098,,,,,,,,,,213584,,,,218077,,164260,,204094,,,,,,211565,,,,,,,,,,201656,,165141,,,,,,,,,,
153721,,,,194274,,,,,,,,,,,,,,,,,,203880,,,,,,,,,,214758,,,,218530,,164315,,205990,,,,,,211748,,,,,,,,,,201658,,165150,,,,,,,,,,
153722,,,,194283,,,,,,,,,,,,,,,,,,206552,,,,,,,,,,214801,,,,218547,,164928,,206112,,,,,,213424,,,,,,,,,,201659,,165189,,,,,,,,,,
153805,,,,194449,,,,,,,,,,,,,,,,,,206804,,,,,,,,,,214822,,,,218590,,164933,,206592,,,,,,214045,,,,,,,,,,201662,,165630,,,,,,,,,,
154453,,,,194903,,,,,,,,,,,,,,,,,,207091,,,,,,,,,,214826,,,,219830,,165207,,206783,,,,,,214050,,,,,,,,,,201665,,165696,,,,,,,,,,
155190,,,,194904,,,,,,,,,,,,,,,,,,207095,,,,,,,,,,214848,,,,219904,,165312,,207083,,,,,,214056,,,,,,,,,,201667,,165697,,,,,,,,,,
155492,,,,194905,,,,,,,,,,,,,,,,,,207176,,,,,,,,,,214850,,,,220849,,165389,,207100,,,,,,214370,,,,,,,,,,201669,,165707,,,,,,,,,,
155495,,,,194911,,,,,,,,,,,,,,,,,,207305,,,,,,,,,,214855,,,,220876,,166093,,207258,,,,,,214415,,,,,,,,,,201680,,165708,,,,,,,,,,
155928,,,,195409,,,,,,,,,,,,,,,,,,207306,,,,,,,,,,214859,,,,220877,,166461,,207267,,,,,,214485,,,,,,,,,,207249,,165723,,,,,,,,,,
155929,,,,195415,,,,,,,,,,,,,,,,,,208340,,,,,,,,,,215149,,,,223431,,166463,,208296,,,,,,214508,,,,,,,,,,207290,,165729,,,,,,,,,,
155930,,,,195417,,,,,,,,,,,,,,,,,,208341,,,,,,,,,,215744,,,,225307,,166466,,208297,,,,,,215564,,,,,,,,,,208368,,165733,,,,,,,,,,
155931,,,,195434,,,,,,,,,,,,,,,,,,208559,,,,,,,,,,216038,,,,225346,,166474,,208303,,,,,,218016,,,,,,,,,,208369,,165735,,,,,,,,,,
155962,,,,195574,,,,,,,,,,,,,,,,,,208646,,,,,,,,,,216039,,,,227857,,166476,,209227,,,,,,218017,,,,,,,,,,208370,,165962,,,,,,,,,,
156386,,,,195575,,,,,,,,,,,,,,,,,,209396,,,,,,,,,,218533,,,,227888,,166499,,209835,,,,,,218018,,,,,,,,,,208371,,165966,,,,,,,,,,
156408,,,,195774,,,,,,,,,,,,,,,,,,209400,,,,,,,,,,218548,,,,,,166623,,209904,,,,,,218019,,,,,,,,,,208372,,165975,,,,,,,,,,
156519,,,,195846,,,,,,,,,,,,,,,,,,209401,,,,,,,,,,218597,,,,,,166630,,209906,,,,,,218456,,,,,,,,,,208373,,166251,,,,,,,,,,
156543,,,,195848,,,,,,,,,,,,,,,,,,209403,,,,,,,,,,218603,,,,,,166631,,210396,,,,,,218589,,,,,,,,,,208374,,166605,,,,,,,,,,
156561,,,,195849,,,,,,,,,,,,,,,,,,209404,,,,,,,,,,218700,,,,,,166632,,210513,,,,,,220367,,,,,,,,,,208375,,167086,,,,,,,,,,
156563,,,,196094,,,,,,,,,,,,,,,,,,209406,,,,,,,,,,220786,,,,,,166633,,211489,,,,,,220368,,,,,,,,,,208376,,167195,,,,,,,,,,
156566,,,,196323,,,,,,,,,,,,,,,,,,209408,,,,,,,,,,220930,,,,,,166634,,211552,,,,,,220621,,,,,,,,,,208377,,167344,,,,,,,,,,
156568,,,,196472,,,,,,,,,,,,,,,,,,209410,,,,,,,,,,221346,,,,,,166637,,211836,,,,,,220955,,,,,,,,,,208378,,167751,,,,,,,,,,
156652,,,,196474,,,,,,,,,,,,,,,,,,209412,,,,,,,,,,223361,,,,,,166738,,213201,,,,,,221044,,,,,,,,,,208379,,169341,,,,,,,,,,
156653,,,,196475,,,,,,,,,,,,,,,,,,209414,,,,,,,,,,225362,,,,,,166894,,213585,,,,,,221053,,,,,,,,,,208568,,169379,,,,,,,,,,
156714,,,,196481,,,,,,,,,,,,,,,,,,209804,,,,,,,,,,227884,,,,,,167158,,215118,,,,,,221274,,,,,,,,,,208569,,169487,,,,,,,,,,
156835,,,,196765,,,,,,,,,,,,,,,,,,209820,,,,,,,,,,227885,,,,,,167163,,215119,,,,,,221838,,,,,,,,,,208570,,169488,,,,,,,,,,
157021,,,,196768,,,,,,,,,,,,,,,,,,209821,,,,,,,,,,,,,,,,167615,,215745,,,,,,222232,,,,,,,,,,208573,,169489,,,,,,,,,,
157129,,,,196906,,,,,,,,,,,,,,,,,,209827,,,,,,,,,,,,,,,,167693,,217446,,,,,,222233,,,,,,,,,,208575,,169704,,,,,,,,,,
157140,,,,196922,,,,,,,,,,,,,,,,,,209828,,,,,,,,,,,,,,,,167713,,217898,,,,,,222234,,,,,,,,,,209770,,169717,,,,,,,,,,
157333,,,,197006,,,,,,,,,,,,,,,,,,209829,,,,,,,,,,,,,,,,167720,,217913,,,,,,222249,,,,,,,,,,209772,,169967,,,,,,,,,,
157807,,,,197008,,,,,,,,,,,,,,,,,,209830,,,,,,,,,,,,,,,,167723,,217977,,,,,,222250,,,,,,,,,,211895,,169968,,,,,,,,,,
158668,,,,197013,,,,,,,,,,,,,,,,,,209994,,,,,,,,,,,,,,,,167788,,217978,,,,,,222251,,,,,,,,,,214468,,169973,,,,,,,,,,
159473,,,,197845,,,,,,,,,,,,,,,,,,211623,,,,,,,,,,,,,,,,167957,,217992,,,,,,223231,,,,,,,,,,215561,,169975,,,,,,,,,,
159662,,,,198640,,,,,,,,,,,,,,,,,,211823,,,,,,,,,,,,,,,,167970,,218035,,,,,,224052,,,,,,,,,,216014,,169977,,,,,,,,,,
159663,,,,198642,,,,,,,,,,,,,,,,,,211916,,,,,,,,,,,,,,,,168114,,218546,,,,,,224055,,,,,,,,,,216015,,169986,,,,,,,,,,
159665,,,,202017,,,,,,,,,,,,,,,,,,213429,,,,,,,,,,,,,,,,168124,,219849,,,,,,225301,,,,,,,,,,216016,,169987,,,,,,,,,,
160155,,,,202051,,,,,,,,,,,,,,,,,,215325,,,,,,,,,,,,,,,,168269,,225299,,,,,,225348,,,,,,,,,,216017,,169988,,,,,,,,,,
160669,,,,202403,,,,,,,,,,,,,,,,,,215771,,,,,,,,,,,,,,,,168369,,225300,,,,,,228113,,,,,,,,,,216018,,170034,,,,,,,,,,
160846,,,,203093,,,,,,,,,,,,,,,,,,215816,,,,,,,,,,,,,,,,168530,,225428,,,,,,228117,,,,,,,,,,216019,,170385,,,,,,,,,,
160858,,,,203100,,,,,,,,,,,,,,,,,,215860,,,,,,,,,,,,,,,,168531,,227835,,,,,,228360,,,,,,,,,,216020,,170571,,,,,,,,,,
160889,,,,203103,,,,,,,,,,,,,,,,,,217345,,,,,,,,,,,,,,,,168631,,227836,,,,,,228506,,,,,,,,,,216021,,171189,,,,,,,,,,
160962,,,,203107,,,,,,,,,,,,,,,,,,217496,,,,,,,,,,,,,,,,168644,,227886,,,,,,,,,,,,,,,,216483,,171214,,,,,,,,,,
160963,,,,204156,,,,,,,,,,,,,,,,,,217660,,,,,,,,,,,,,,,,168951,,227887,,,,,,,,,,,,,,,,216484,,171215,,,,,,,,,,
161607,,,,205539,,,,,,,,,,,,,,,,,,217679,,,,,,,,,,,,,,,,169499,,228273,,,,,,,,,,,,,,,,216486,,171244,,,,,,,,,,
161726,,,,205555,,,,,,,,,,,,,,,,,,217689,,,,,,,,,,,,,,,,169522,,,,,,,,,,,,,,,,,,216513,,171460,,,,,,,,,,
162103,,,,205557,,,,,,,,,,,,,,,,,,217727,,,,,,,,,,,,,,,,169580,,,,,,,,,,,,,,,,,,216526,,171698,,,,,,,,,,
162132,,,,205558,,,,,,,,,,,,,,,,,,220118,,,,,,,,,,,,,,,,169832,,,,,,,,,,,,,,,,,,216555,,171700,,,,,,,,,,
162235,,,,205799,,,,,,,,,,,,,,,,,,220120,,,,,,,,,,,,,,,,169833,,,,,,,,,,,,,,,,,,216556,,171701,,,,,,,,,,
162395,,,,205804,,,,,,,,,,,,,,,,,,220121,,,,,,,,,,,,,,,,169834,,,,,,,,,,,,,,,,,,216558,,171702,,,,,,,,,,
162747,,,,207095,,,,,,,,,,,,,,,,,,220123,,,,,,,,,,,,,,,,169936,,,,,,,,,,,,,,,,,,216564,,171704,,,,,,,,,,
163897,,,,207248,,,,,,,,,,,,,,,,,,220125,,,,,,,,,,,,,,,,170010,,,,,,,,,,,,,,,,,,216657,,171705,,,,,,,,,,
163898,,,,207305,,,,,,,,,,,,,,,,,,220128,,,,,,,,,,,,,,,,170040,,,,,,,,,,,,,,,,,,216678,,171707,,,,,,,,,,
163899,,,,207306,,,,,,,,,,,,,,,,,,220129,,,,,,,,,,,,,,,,170533,,,,,,,,,,,,,,,,,,216694,,171708,,,,,,,,,,
163964,,,,207354,,,,,,,,,,,,,,,,,,221584,,,,,,,,,,,,,,,,170604,,,,,,,,,,,,,,,,,,216696,,171727,,,,,,,,,,
163965,,,,207684,,,,,,,,,,,,,,,,,,221663,,,,,,,,,,,,,,,,170782,,,,,,,,,,,,,,,,,,216698,,171730,,,,,,,,,,
164017,,,,207881,,,,,,,,,,,,,,,,,,221890,,,,,,,,,,,,,,,,170856,,,,,,,,,,,,,,,,,,216700,,171735,,,,,,,,,,
164036,,,,208242,,,,,,,,,,,,,,,,,,221894,,,,,,,,,,,,,,,,170857,,,,,,,,,,,,,,,,,,216753,,171794,,,,,,,,,,
164309,,,,208246,,,,,,,,,,,,,,,,,,221895,,,,,,,,,,,,,,,,170968,,,,,,,,,,,,,,,,,,216761,,171797,,,,,,,,,,
164469,,,,208517,,,,,,,,,,,,,,,,,,221896,,,,,,,,,,,,,,,,170969,,,,,,,,,,,,,,,,,,216775,,171798,,,,,,,,,,
164786,,,,208518,,,,,,,,,,,,,,,,,,221897,,,,,,,,,,,,,,,,171090,,,,,,,,,,,,,,,,,,216787,,171799,,,,,,,,,,
164790,,,,208524,,,,,,,,,,,,,,,,,,221899,,,,,,,,,,,,,,,,171096,,,,,,,,,,,,,,,,,,217197,,171800,,,,,,,,,,
164791,,,,208526,,,,,,,,,,,,,,,,,,221900,,,,,,,,,,,,,,,,171102,,,,,,,,,,,,,,,,,,222463,,172088,,,,,,,,,,
164958,,,,208584,,,,,,,,,,,,,,,,,,221911,,,,,,,,,,,,,,,,171106,,,,,,,,,,,,,,,,,,223194,,172119,,,,,,,,,,
164962,,,,208623,,,,,,,,,,,,,,,,,,221914,,,,,,,,,,,,,,,,171107,,,,,,,,,,,,,,,,,,223197,,172120,,,,,,,,,,
164972,,,,208775,,,,,,,,,,,,,,,,,,221923,,,,,,,,,,,,,,,,171239,,,,,,,,,,,,,,,,,,223216,,172122,,,,,,,,,,
164980,,,,209471,,,,,,,,,,,,,,,,,,221927,,,,,,,,,,,,,,,,171483,,,,,,,,,,,,,,,,,,,,172124,,,,,,,,,,
164992,,,,209793,,,,,,,,,,,,,,,,,,224173,,,,,,,,,,,,,,,,171721,,,,,,,,,,,,,,,,,,,,172334,,,,,,,,,,
164995,,,,209798,,,,,,,,,,,,,,,,,,224244,,,,,,,,,,,,,,,,171750,,,,,,,,,,,,,,,,,,,,173067,,,,,,,,,,
164999,,,,209801,,,,,,,,,,,,,,,,,,228310,,,,,,,,,,,,,,,,171848,,,,,,,,,,,,,,,,,,,,173068,,,,,,,,,,
165003,,,,211620,,,,,,,,,,,,,,,,,,,,,,,,,,,,,,,,,,171861,,,,,,,,,,,,,,,,,,,,173071,,,,,,,,,,
165006,,,,211621,,,,,,,,,,,,,,,,,,,,,,,,,,,,,,,,,,171874,,,,,,,,,,,,,,,,,,,,173073,,,,,,,,,,
165196,,,,213429,,,,,,,,,,,,,,,,,,,,,,,,,,,,,,,,,,171895,,,,,,,,,,,,,,,,,,,,173074,,,,,,,,,,
165233,,,,213430,,,,,,,,,,,,,,,,,,,,,,,,,,,,,,,,,,171896,,,,,,,,,,,,,,,,,,,,173075,,,,,,,,,,
165235,,,,213431,,,,,,,,,,,,,,,,,,,,,,,,,,,,,,,,,,172140,,,,,,,,,,,,,,,,,,,,173079,,,,,,,,,,
165236,,,,213446,,,,,,,,,,,,,,,,,,,,,,,,,,,,,,,,,,172338,,,,,,,,,,,,,,,,,,,,173371,,,,,,,,,,
165238,,,,213923,,,,,,,,,,,,,,,,,,,,,,,,,,,,,,,,,,172719,,,,,,,,,,,,,,,,,,,,173375,,,,,,,,,,
165239,,,,214437,,,,,,,,,,,,,,,,,,,,,,,,,,,,,,,,,,172789,,,,,,,,,,,,,,,,,,,,173377,,,,,,,,,,
165242,,,,215419,,,,,,,,,,,,,,,,,,,,,,,,,,,,,,,,,,172821,,,,,,,,,,,,,,,,,,,,173378,,,,,,,,,,
165244,,,,215802,,,,,,,,,,,,,,,,,,,,,,,,,,,,,,,,,,172905,,,,,,,,,,,,,,,,,,,,173459,,,,,,,,,,
165249,,,,215813,,,,,,,,,,,,,,,,,,,,,,,,,,,,,,,,,,172911,,,,,,,,,,,,,,,,,,,,173686,,,,,,,,,,
165251,,,,215815,,,,,,,,,,,,,,,,,,,,,,,,,,,,,,,,,,172938,,,,,,,,,,,,,,,,,,,,173792,,,,,,,,,,
165255,,,,215857,,,,,,,,,,,,,,,,,,,,,,,,,,,,,,,,,,173259,,,,,,,,,,,,,,,,,,,,173970,,,,,,,,,,
165367,,,,215859,,,,,,,,,,,,,,,,,,,,,,,,,,,,,,,,,,173288,,,,,,,,,,,,,,,,,,,,173971,,,,,,,,,,
165370,,,,215986,,,,,,,,,,,,,,,,,,,,,,,,,,,,,,,,,,173321,,,,,,,,,,,,,,,,,,,,174932,,,,,,,,,,
165449,,,,215987,,,,,,,,,,,,,,,,,,,,,,,,,,,,,,,,,,173323,,,,,,,,,,,,,,,,,,,,174942,,,,,,,,,,
165450,,,,215988,,,,,,,,,,,,,,,,,,,,,,,,,,,,,,,,,,173324,,,,,,,,,,,,,,,,,,,,174944,,,,,,,,,,
165452,,,,215989,,,,,,,,,,,,,,,,,,,,,,,,,,,,,,,,,,173326,,,,,,,,,,,,,,,,,,,,174948,,,,,,,,,,
165453,,,,215990,,,,,,,,,,,,,,,,,,,,,,,,,,,,,,,,,,173327,,,,,,,,,,,,,,,,,,,,174949,,,,,,,,,,
165454,,,,215991,,,,,,,,,,,,,,,,,,,,,,,,,,,,,,,,,,173483,,,,,,,,,,,,,,,,,,,,174950,,,,,,,,,,
165456,,,,215992,,,,,,,,,,,,,,,,,,,,,,,,,,,,,,,,,,173612,,,,,,,,,,,,,,,,,,,,174951,,,,,,,,,,
165458,,,,215993,,,,,,,,,,,,,,,,,,,,,,,,,,,,,,,,,,173625,,,,,,,,,,,,,,,,,,,,174975,,,,,,,,,,
165636,,,,216025,,,,,,,,,,,,,,,,,,,,,,,,,,,,,,,,,,173761,,,,,,,,,,,,,,,,,,,,180737,,,,,,,,,,
165647,,,,216028,,,,,,,,,,,,,,,,,,,,,,,,,,,,,,,,,,173776,,,,,,,,,,,,,,,,,,,,181785,,,,,,,,,,
165650,,,,216049,,,,,,,,,,,,,,,,,,,,,,,,,,,,,,,,,,174757,,,,,,,,,,,,,,,,,,,,181800,,,,,,,,,,
165654,,,,217017,,,,,,,,,,,,,,,,,,,,,,,,,,,,,,,,,,174812,,,,,,,,,,,,,,,,,,,,182121,,,,,,,,,,
165655,,,,217276,,,,,,,,,,,,,,,,,,,,,,,,,,,,,,,,,,174819,,,,,,,,,,,,,,,,,,,,182127,,,,,,,,,,
165656,,,,217296,,,,,,,,,,,,,,,,,,,,,,,,,,,,,,,,,,174837,,,,,,,,,,,,,,,,,,,,182727,,,,,,,,,,
165662,,,,217684,,,,,,,,,,,,,,,,,,,,,,,,,,,,,,,,,,174839,,,,,,,,,,,,,,,,,,,,182963,,,,,,,,,,
165664,,,,219675,,,,,,,,,,,,,,,,,,,,,,,,,,,,,,,,,,179476,,,,,,,,,,,,,,,,,,,,182964,,,,,,,,,,
165670,,,,219987,,,,,,,,,,,,,,,,,,,,,,,,,,,,,,,,,,180686,,,,,,,,,,,,,,,,,,,,183336,,,,,,,,,,
166085,,,,220043,,,,,,,,,,,,,,,,,,,,,,,,,,,,,,,,,,180687,,,,,,,,,,,,,,,,,,,,183689,,,,,,,,,,
166161,,,,220044,,,,,,,,,,,,,,,,,,,,,,,,,,,,,,,,,,180690,,,,,,,,,,,,,,,,,,,,183905,,,,,,,,,,
166166,,,,220630,,,,,,,,,,,,,,,,,,,,,,,,,,,,,,,,,,180691,,,,,,,,,,,,,,,,,,,,184031,,,,,,,,,,
166167,,,,220901,,,,,,,,,,,,,,,,,,,,,,,,,,,,,,,,,,180836,,,,,,,,,,,,,,,,,,,,184032,,,,,,,,,,
166230,,,,221082,,,,,,,,,,,,,,,,,,,,,,,,,,,,,,,,,,182092,,,,,,,,,,,,,,,,,,,,184040,,,,,,,,,,
166231,,,,221088,,,,,,,,,,,,,,,,,,,,,,,,,,,,,,,,,,182175,,,,,,,,,,,,,,,,,,,,184505,,,,,,,,,,
166232,,,,221776,,,,,,,,,,,,,,,,,,,,,,,,,,,,,,,,,,182742,,,,,,,,,,,,,,,,,,,,184506,,,,,,,,,,
166248,,,,221902,,,,,,,,,,,,,,,,,,,,,,,,,,,,,,,,,,182751,,,,,,,,,,,,,,,,,,,,184507,,,,,,,,,,
166320,,,,221904,,,,,,,,,,,,,,,,,,,,,,,,,,,,,,,,,,182753,,,,,,,,,,,,,,,,,,,,184559,,,,,,,,,,
166321,,,,221905,,,,,,,,,,,,,,,,,,,,,,,,,,,,,,,,,,182761,,,,,,,,,,,,,,,,,,,,184864,,,,,,,,,,
166343,,,,224323,,,,,,,,,,,,,,,,,,,,,,,,,,,,,,,,,,182857,,,,,,,,,,,,,,,,,,,,184973,,,,,,,,,,
166357,,,,224324,,,,,,,,,,,,,,,,,,,,,,,,,,,,,,,,,,182865,,,,,,,,,,,,,,,,,,,,185333,,,,,,,,,,
166465,,,,225680,,,,,,,,,,,,,,,,,,,,,,,,,,,,,,,,,,183022,,,,,,,,,,,,,,,,,,,,185547,,,,,,,,,,
166482,,,,228187,,,,,,,,,,,,,,,,,,,,,,,,,,,,,,,,,,183033,,,,,,,,,,,,,,,,,,,,185571,,,,,,,,,,
166636,,,,228188,,,,,,,,,,,,,,,,,,,,,,,,,,,,,,,,,,183048,,,,,,,,,,,,,,,,,,,,186076,,,,,,,,,,
166640,,,,228402,,,,,,,,,,,,,,,,,,,,,,,,,,,,,,,,,,183962,,,,,,,,,,,,,,,,,,,,186078,,,,,,,,,,
166645,,,,,,,,,,,,,,,,,,,,,,,,,,,,,,,,,,,,,,183978,,,,,,,,,,,,,,,,,,,,186079,,,,,,,,,,
166739,,,,,,,,,,,,,,,,,,,,,,,,,,,,,,,,,,,,,,184300,,,,,,,,,,,,,,,,,,,,186080,,,,,,,,,,
166804,,,,,,,,,,,,,,,,,,,,,,,,,,,,,,,,,,,,,,184301,,,,,,,,,,,,,,,,,,,,186085,,,,,,,,,,
166826,,,,,,,,,,,,,,,,,,,,,,,,,,,,,,,,,,,,,,184699,,,,,,,,,,,,,,,,,,,,186457,,,,,,,,,,
166837,,,,,,,,,,,,,,,,,,,,,,,,,,,,,,,,,,,,,,184755,,,,,,,,,,,,,,,,,,,,187014,,,,,,,,,,
166849,,,,,,,,,,,,,,,,,,,,,,,,,,,,,,,,,,,,,,184867,,,,,,,,,,,,,,,,,,,,188076,,,,,,,,,,
167463,,,,,,,,,,,,,,,,,,,,,,,,,,,,,,,,,,,,,,184874,,,,,,,,,,,,,,,,,,,,188077,,,,,,,,,,
167550,,,,,,,,,,,,,,,,,,,,,,,,,,,,,,,,,,,,,,184875,,,,,,,,,,,,,,,,,,,,188572,,,,,,,,,,
168062,,,,,,,,,,,,,,,,,,,,,,,,,,,,,,,,,,,,,,184876,,,,,,,,,,,,,,,,,,,,188596,,,,,,,,,,
168382,,,,,,,,,,,,,,,,,,,,,,,,,,,,,,,,,,,,,,184877,,,,,,,,,,,,,,,,,,,,188633,,,,,,,,,,
168952,,,,,,,,,,,,,,,,,,,,,,,,,,,,,,,,,,,,,,184897,,,,,,,,,,,,,,,,,,,,188657,,,,,,,,,,
168953,,,,,,,,,,,,,,,,,,,,,,,,,,,,,,,,,,,,,,185006,,,,,,,,,,,,,,,,,,,,188659,,,,,,,,,,
168957,,,,,,,,,,,,,,,,,,,,,,,,,,,,,,,,,,,,,,185116,,,,,,,,,,,,,,,,,,,,188743,,,,,,,,,,
168962,,,,,,,,,,,,,,,,,,,,,,,,,,,,,,,,,,,,,,185118,,,,,,,,,,,,,,,,,,,,188746,,,,,,,,,,
169008,,,,,,,,,,,,,,,,,,,,,,,,,,,,,,,,,,,,,,185215,,,,,,,,,,,,,,,,,,,,188763,,,,,,,,,,
169753,,,,,,,,,,,,,,,,,,,,,,,,,,,,,,,,,,,,,,185279,,,,,,,,,,,,,,,,,,,,189035,,,,,,,,,,
169789,,,,,,,,,,,,,,,,,,,,,,,,,,,,,,,,,,,,,,185280,,,,,,,,,,,,,,,,,,,,189051,,,,,,,,,,
169817,,,,,,,,,,,,,,,,,,,,,,,,,,,,,,,,,,,,,,185889,,,,,,,,,,,,,,,,,,,,189752,,,,,,,,,,
169822,,,,,,,,,,,,,,,,,,,,,,,,,,,,,,,,,,,,,,185967,,,,,,,,,,,,,,,,,,,,189756,,,,,,,,,,
169823,,,,,,,,,,,,,,,,,,,,,,,,,,,,,,,,,,,,,,185968,,,,,,,,,,,,,,,,,,,,189766,,,,,,,,,,
170122,,,,,,,,,,,,,,,,,,,,,,,,,,,,,,,,,,,,,,185990,,,,,,,,,,,,,,,,,,,,190419,,,,,,,,,,
170202,,,,,,,,,,,,,,,,,,,,,,,,,,,,,,,,,,,,,,185991,,,,,,,,,,,,,,,,,,,,190427,,,,,,,,,,
170421,,,,,,,,,,,,,,,,,,,,,,,,,,,,,,,,,,,,,,186421,,,,,,,,,,,,,,,,,,,,190465,,,,,,,,,,
170529,,,,,,,,,,,,,,,,,,,,,,,,,,,,,,,,,,,,,,186489,,,,,,,,,,,,,,,,,,,,193830,,,,,,,,,,
170531,,,,,,,,,,,,,,,,,,,,,,,,,,,,,,,,,,,,,,186690,,,,,,,,,,,,,,,,,,,,193862,,,,,,,,,,
170536,,,,,,,,,,,,,,,,,,,,,,,,,,,,,,,,,,,,,,186691,,,,,,,,,,,,,,,,,,,,193904,,,,,,,,,,
170538,,,,,,,,,,,,,,,,,,,,,,,,,,,,,,,,,,,,,,186953,,,,,,,,,,,,,,,,,,,,194041,,,,,,,,,,
170572,,,,,,,,,,,,,,,,,,,,,,,,,,,,,,,,,,,,,,186976,,,,,,,,,,,,,,,,,,,,194347,,,,,,,,,,
170573,,,,,,,,,,,,,,,,,,,,,,,,,,,,,,,,,,,,,,187038,,,,,,,,,,,,,,,,,,,,194348,,,,,,,,,,
170574,,,,,,,,,,,,,,,,,,,,,,,,,,,,,,,,,,,,,,187582,,,,,,,,,,,,,,,,,,,,194357,,,,,,,,,,
170575,,,,,,,,,,,,,,,,,,,,,,,,,,,,,,,,,,,,,,187684,,,,,,,,,,,,,,,,,,,,194440,,,,,,,,,,
170835,,,,,,,,,,,,,,,,,,,,,,,,,,,,,,,,,,,,,,187886,,,,,,,,,,,,,,,,,,,,194441,,,,,,,,,,
170844,,,,,,,,,,,,,,,,,,,,,,,,,,,,,,,,,,,,,,187889,,,,,,,,,,,,,,,,,,,,194444,,,,,,,,,,
170845,,,,,,,,,,,,,,,,,,,,,,,,,,,,,,,,,,,,,,187891,,,,,,,,,,,,,,,,,,,,194446,,,,,,,,,,
170846,,,,,,,,,,,,,,,,,,,,,,,,,,,,,,,,,,,,,,187906,,,,,,,,,,,,,,,,,,,,194447,,,,,,,,,,
170847,,,,,,,,,,,,,,,,,,,,,,,,,,,,,,,,,,,,,,188189,,,,,,,,,,,,,,,,,,,,194453,,,,,,,,,,
170848,,,,,,,,,,,,,,,,,,,,,,,,,,,,,,,,,,,,,,188255,,,,,,,,,,,,,,,,,,,,194458,,,,,,,,,,
170849,,,,,,,,,,,,,,,,,,,,,,,,,,,,,,,,,,,,,,188257,,,,,,,,,,,,,,,,,,,,194726,,,,,,,,,,
171064,,,,,,,,,,,,,,,,,,,,,,,,,,,,,,,,,,,,,,188262,,,,,,,,,,,,,,,,,,,,194747,,,,,,,,,,
171361,,,,,,,,,,,,,,,,,,,,,,,,,,,,,,,,,,,,,,188702,,,,,,,,,,,,,,,,,,,,194855,,,,,,,,,,
171388,,,,,,,,,,,,,,,,,,,,,,,,,,,,,,,,,,,,,,188776,,,,,,,,,,,,,,,,,,,,194919,,,,,,,,,,
171389,,,,,,,,,,,,,,,,,,,,,,,,,,,,,,,,,,,,,,188976,,,,,,,,,,,,,,,,,,,,195246,,,,,,,,,,
171390,,,,,,,,,,,,,,,,,,,,,,,,,,,,,,,,,,,,,,188994,,,,,,,,,,,,,,,,,,,,195257,,,,,,,,,,
171936,,,,,,,,,,,,,,,,,,,,,,,,,,,,,,,,,,,,,,188999,,,,,,,,,,,,,,,,,,,,195535,,,,,,,,,,
171953,,,,,,,,,,,,,,,,,,,,,,,,,,,,,,,,,,,,,,189171,,,,,,,,,,,,,,,,,,,,195580,,,,,,,,,,
172003,,,,,,,,,,,,,,,,,,,,,,,,,,,,,,,,,,,,,,189172,,,,,,,,,,,,,,,,,,,,195702,,,,,,,,,,
172012,,,,,,,,,,,,,,,,,,,,,,,,,,,,,,,,,,,,,,189228,,,,,,,,,,,,,,,,,,,,195862,,,,,,,,,,
172653,,,,,,,,,,,,,,,,,,,,,,,,,,,,,,,,,,,,,,189542,,,,,,,,,,,,,,,,,,,,195886,,,,,,,,,,
172654,,,,,,,,,,,,,,,,,,,,,,,,,,,,,,,,,,,,,,189543,,,,,,,,,,,,,,,,,,,,195898,,,,,,,,,,
172655,,,,,,,,,,,,,,,,,,,,,,,,,,,,,,,,,,,,,,189721,,,,,,,,,,,,,,,,,,,,195910,,,,,,,,,,
172656,,,,,,,,,,,,,,,,,,,,,,,,,,,,,,,,,,,,,,189723,,,,,,,,,,,,,,,,,,,,196154,,,,,,,,,,
172668,,,,,,,,,,,,,,,,,,,,,,,,,,,,,,,,,,,,,,189749,,,,,,,,,,,,,,,,,,,,196157,,,,,,,,,,
172669,,,,,,,,,,,,,,,,,,,,,,,,,,,,,,,,,,,,,,189777,,,,,,,,,,,,,,,,,,,,196388,,,,,,,,,,
173273,,,,,,,,,,,,,,,,,,,,,,,,,,,,,,,,,,,,,,190178,,,,,,,,,,,,,,,,,,,,196444,,,,,,,,,,
173285,,,,,,,,,,,,,,,,,,,,,,,,,,,,,,,,,,,,,,190213,,,,,,,,,,,,,,,,,,,,196446,,,,,,,,,,
173430,,,,,,,,,,,,,,,,,,,,,,,,,,,,,,,,,,,,,,190217,,,,,,,,,,,,,,,,,,,,196447,,,,,,,,,,
173493,,,,,,,,,,,,,,,,,,,,,,,,,,,,,,,,,,,,,,190224,,,,,,,,,,,,,,,,,,,,196448,,,,,,,,,,
173652,,,,,,,,,,,,,,,,,,,,,,,,,,,,,,,,,,,,,,190225,,,,,,,,,,,,,,,,,,,,196449,,,,,,,,,,
173653,,,,,,,,,,,,,,,,,,,,,,,,,,,,,,,,,,,,,,190229,,,,,,,,,,,,,,,,,,,,196450,,,,,,,,,,
173720,,,,,,,,,,,,,,,,,,,,,,,,,,,,,,,,,,,,,,190230,,,,,,,,,,,,,,,,,,,,196451,,,,,,,,,,
173722,,,,,,,,,,,,,,,,,,,,,,,,,,,,,,,,,,,,,,190296,,,,,,,,,,,,,,,,,,,,196452,,,,,,,,,,
173784,,,,,,,,,,,,,,,,,,,,,,,,,,,,,,,,,,,,,,190300,,,,,,,,,,,,,,,,,,,,196453,,,,,,,,,,
173787,,,,,,,,,,,,,,,,,,,,,,,,,,,,,,,,,,,,,,190301,,,,,,,,,,,,,,,,,,,,196454,,,,,,,,,,
173808,,,,,,,,,,,,,,,,,,,,,,,,,,,,,,,,,,,,,,190303,,,,,,,,,,,,,,,,,,,,196455,,,,,,,,,,
173823,,,,,,,,,,,,,,,,,,,,,,,,,,,,,,,,,,,,,,190315,,,,,,,,,,,,,,,,,,,,196456,,,,,,,,,,
173863,,,,,,,,,,,,,,,,,,,,,,,,,,,,,,,,,,,,,,190331,,,,,,,,,,,,,,,,,,,,196457,,,,,,,,,,
173864,,,,,,,,,,,,,,,,,,,,,,,,,,,,,,,,,,,,,,190429,,,,,,,,,,,,,,,,,,,,196516,,,,,,,,,,
173866,,,,,,,,,,,,,,,,,,,,,,,,,,,,,,,,,,,,,,190522,,,,,,,,,,,,,,,,,,,,196763,,,,,,,,,,
173885,,,,,,,,,,,,,,,,,,,,,,,,,,,,,,,,,,,,,,192531,,,,,,,,,,,,,,,,,,,,196929,,,,,,,,,,
173887,,,,,,,,,,,,,,,,,,,,,,,,,,,,,,,,,,,,,,192885,,,,,,,,,,,,,,,,,,,,196930,,,,,,,,,,
174264,,,,,,,,,,,,,,,,,,,,,,,,,,,,,,,,,,,,,,192889,,,,,,,,,,,,,,,,,,,,196931,,,,,,,,,,
174265,,,,,,,,,,,,,,,,,,,,,,,,,,,,,,,,,,,,,,193002,,,,,,,,,,,,,,,,,,,,197050,,,,,,,,,,
174266,,,,,,,,,,,,,,,,,,,,,,,,,,,,,,,,,,,,,,193108,,,,,,,,,,,,,,,,,,,,197136,,,,,,,,,,
174267,,,,,,,,,,,,,,,,,,,,,,,,,,,,,,,,,,,,,,193334,,,,,,,,,,,,,,,,,,,,197139,,,,,,,,,,
174268,,,,,,,,,,,,,,,,,,,,,,,,,,,,,,,,,,,,,,193401,,,,,,,,,,,,,,,,,,,,197145,,,,,,,,,,
174269,,,,,,,,,,,,,,,,,,,,,,,,,,,,,,,,,,,,,,193713,,,,,,,,,,,,,,,,,,,,197151,,,,,,,,,,
174270,,,,,,,,,,,,,,,,,,,,,,,,,,,,,,,,,,,,,,193835,,,,,,,,,,,,,,,,,,,,197153,,,,,,,,,,
174272,,,,,,,,,,,,,,,,,,,,,,,,,,,,,,,,,,,,,,194162,,,,,,,,,,,,,,,,,,,,197173,,,,,,,,,,
174273,,,,,,,,,,,,,,,,,,,,,,,,,,,,,,,,,,,,,,194354,,,,,,,,,,,,,,,,,,,,197450,,,,,,,,,,
174288,,,,,,,,,,,,,,,,,,,,,,,,,,,,,,,,,,,,,,195190,,,,,,,,,,,,,,,,,,,,197478,,,,,,,,,,
174289,,,,,,,,,,,,,,,,,,,,,,,,,,,,,,,,,,,,,,195191,,,,,,,,,,,,,,,,,,,,197502,,,,,,,,,,
174290,,,,,,,,,,,,,,,,,,,,,,,,,,,,,,,,,,,,,,195357,,,,,,,,,,,,,,,,,,,,197536,,,,,,,,,,
174611,,,,,,,,,,,,,,,,,,,,,,,,,,,,,,,,,,,,,,195358,,,,,,,,,,,,,,,,,,,,197539,,,,,,,,,,
174612,,,,,,,,,,,,,,,,,,,,,,,,,,,,,,,,,,,,,,195359,,,,,,,,,,,,,,,,,,,,197566,,,,,,,,,,
174613,,,,,,,,,,,,,,,,,,,,,,,,,,,,,,,,,,,,,,195732,,,,,,,,,,,,,,,,,,,,197577,,,,,,,,,,
174765,,,,,,,,,,,,,,,,,,,,,,,,,,,,,,,,,,,,,,195797,,,,,,,,,,,,,,,,,,,,197601,,,,,,,,,,
174796,,,,,,,,,,,,,,,,,,,,,,,,,,,,,,,,,,,,,,195899,,,,,,,,,,,,,,,,,,,,197610,,,,,,,,,,
174798,,,,,,,,,,,,,,,,,,,,,,,,,,,,,,,,,,,,,,195946,,,,,,,,,,,,,,,,,,,,197621,,,,,,,,,,
174845,,,,,,,,,,,,,,,,,,,,,,,,,,,,,,,,,,,,,,196161,,,,,,,,,,,,,,,,,,,,197733,,,,,,,,,,
174846,,,,,,,,,,,,,,,,,,,,,,,,,,,,,,,,,,,,,,196413,,,,,,,,,,,,,,,,,,,,198193,,,,,,,,,,
174850,,,,,,,,,,,,,,,,,,,,,,,,,,,,,,,,,,,,,,196414,,,,,,,,,,,,,,,,,,,,198209,,,,,,,,,,
174966,,,,,,,,,,,,,,,,,,,,,,,,,,,,,,,,,,,,,,196469,,,,,,,,,,,,,,,,,,,,198571,,,,,,,,,,
174980,,,,,,,,,,,,,,,,,,,,,,,,,,,,,,,,,,,,,,196470,,,,,,,,,,,,,,,,,,,,198576,,,,,,,,,,
179644,,,,,,,,,,,,,,,,,,,,,,,,,,,,,,,,,,,,,,196654,,,,,,,,,,,,,,,,,,,,198588,,,,,,,,,,
179646,,,,,,,,,,,,,,,,,,,,,,,,,,,,,,,,,,,,,,196896,,,,,,,,,,,,,,,,,,,,198591,,,,,,,,,,
179648,,,,,,,,,,,,,,,,,,,,,,,,,,,,,,,,,,,,,,196897,,,,,,,,,,,,,,,,,,,,198596,,,,,,,,,,
180693,,,,,,,,,,,,,,,,,,,,,,,,,,,,,,,,,,,,,,196902,,,,,,,,,,,,,,,,,,,,198602,,,,,,,,,,
180694,,,,,,,,,,,,,,,,,,,,,,,,,,,,,,,,,,,,,,196913,,,,,,,,,,,,,,,,,,,,198609,,,,,,,,,,
180777,,,,,,,,,,,,,,,,,,,,,,,,,,,,,,,,,,,,,,196915,,,,,,,,,,,,,,,,,,,,198620,,,,,,,,,,
180779,,,,,,,,,,,,,,,,,,,,,,,,,,,,,,,,,,,,,,196934,,,,,,,,,,,,,,,,,,,,198628,,,,,,,,,,
180789,,,,,,,,,,,,,,,,,,,,,,,,,,,,,,,,,,,,,,197275,,,,,,,,,,,,,,,,,,,,198633,,,,,,,,,,
180792,,,,,,,,,,,,,,,,,,,,,,,,,,,,,,,,,,,,,,198012,,,,,,,,,,,,,,,,,,,,198650,,,,,,,,,,
180793,,,,,,,,,,,,,,,,,,,,,,,,,,,,,,,,,,,,,,198110,,,,,,,,,,,,,,,,,,,,198657,,,,,,,,,,
180818,,,,,,,,,,,,,,,,,,,,,,,,,,,,,,,,,,,,,,198111,,,,,,,,,,,,,,,,,,,,198662,,,,,,,,,,
180822,,,,,,,,,,,,,,,,,,,,,,,,,,,,,,,,,,,,,,198624,,,,,,,,,,,,,,,,,,,,198677,,,,,,,,,,
180823,,,,,,,,,,,,,,,,,,,,,,,,,,,,,,,,,,,,,,202041,,,,,,,,,,,,,,,,,,,,198695,,,,,,,,,,
180824,,,,,,,,,,,,,,,,,,,,,,,,,,,,,,,,,,,,,,202064,,,,,,,,,,,,,,,,,,,,198707,,,,,,,,,,
180920,,,,,,,,,,,,,,,,,,,,,,,,,,,,,,,,,,,,,,202072,,,,,,,,,,,,,,,,,,,,198711,,,,,,,,,,
180941,,,,,,,,,,,,,,,,,,,,,,,,,,,,,,,,,,,,,,202118,,,,,,,,,,,,,,,,,,,,198716,,,,,,,,,,
180942,,,,,,,,,,,,,,,,,,,,,,,,,,,,,,,,,,,,,,202191,,,,,,,,,,,,,,,,,,,,198726,,,,,,,,,,
180943,,,,,,,,,,,,,,,,,,,,,,,,,,,,,,,,,,,,,,202249,,,,,,,,,,,,,,,,,,,,198731,,,,,,,,,,
180944,,,,,,,,,,,,,,,,,,,,,,,,,,,,,,,,,,,,,,202282,,,,,,,,,,,,,,,,,,,,198749,,,,,,,,,,
180945,,,,,,,,,,,,,,,,,,,,,,,,,,,,,,,,,,,,,,202384,,,,,,,,,,,,,,,,,,,,198754,,,,,,,,,,
180946,,,,,,,,,,,,,,,,,,,,,,,,,,,,,,,,,,,,,,202430,,,,,,,,,,,,,,,,,,,,198756,,,,,,,,,,
180947,,,,,,,,,,,,,,,,,,,,,,,,,,,,,,,,,,,,,,203599,,,,,,,,,,,,,,,,,,,,198758,,,,,,,,,,
180948,,,,,,,,,,,,,,,,,,,,,,,,,,,,,,,,,,,,,,203602,,,,,,,,,,,,,,,,,,,,198760,,,,,,,,,,
180949,,,,,,,,,,,,,,,,,,,,,,,,,,,,,,,,,,,,,,203674,,,,,,,,,,,,,,,,,,,,198766,,,,,,,,,,
180950,,,,,,,,,,,,,,,,,,,,,,,,,,,,,,,,,,,,,,203715,,,,,,,,,,,,,,,,,,,,198776,,,,,,,,,,
180951,,,,,,,,,,,,,,,,,,,,,,,,,,,,,,,,,,,,,,203718,,,,,,,,,,,,,,,,,,,,198781,,,,,,,,,,
180952,,,,,,,,,,,,,,,,,,,,,,,,,,,,,,,,,,,,,,203739,,,,,,,,,,,,,,,,,,,,198787,,,,,,,,,,
180953,,,,,,,,,,,,,,,,,,,,,,,,,,,,,,,,,,,,,,203743,,,,,,,,,,,,,,,,,,,,198795,,,,,,,,,,
180954,,,,,,,,,,,,,,,,,,,,,,,,,,,,,,,,,,,,,,203753,,,,,,,,,,,,,,,,,,,,198801,,,,,,,,,,
180955,,,,,,,,,,,,,,,,,,,,,,,,,,,,,,,,,,,,,,203754,,,,,,,,,,,,,,,,,,,,198802,,,,,,,,,,
180956,,,,,,,,,,,,,,,,,,,,,,,,,,,,,,,,,,,,,,203864,,,,,,,,,,,,,,,,,,,,198821,,,,,,,,,,
180957,,,,,,,,,,,,,,,,,,,,,,,,,,,,,,,,,,,,,,203865,,,,,,,,,,,,,,,,,,,,198822,,,,,,,,,,
180958,,,,,,,,,,,,,,,,,,,,,,,,,,,,,,,,,,,,,,203903,,,,,,,,,,,,,,,,,,,,198844,,,,,,,,,,
180959,,,,,,,,,,,,,,,,,,,,,,,,,,,,,,,,,,,,,,203915,,,,,,,,,,,,,,,,,,,,198846,,,,,,,,,,
180960,,,,,,,,,,,,,,,,,,,,,,,,,,,,,,,,,,,,,,203922,,,,,,,,,,,,,,,,,,,,198857,,,,,,,,,,
180961,,,,,,,,,,,,,,,,,,,,,,,,,,,,,,,,,,,,,,204096,,,,,,,,,,,,,,,,,,,,198860,,,,,,,,,,
180962,,,,,,,,,,,,,,,,,,,,,,,,,,,,,,,,,,,,,,205590,,,,,,,,,,,,,,,,,,,,198864,,,,,,,,,,
180963,,,,,,,,,,,,,,,,,,,,,,,,,,,,,,,,,,,,,,205805,,,,,,,,,,,,,,,,,,,,198866,,,,,,,,,,
180964,,,,,,,,,,,,,,,,,,,,,,,,,,,,,,,,,,,,,,205847,,,,,,,,,,,,,,,,,,,,198869,,,,,,,,,,
180965,,,,,,,,,,,,,,,,,,,,,,,,,,,,,,,,,,,,,,205993,,,,,,,,,,,,,,,,,,,,198870,,,,,,,,,,
180966,,,,,,,,,,,,,,,,,,,,,,,,,,,,,,,,,,,,,,206052,,,,,,,,,,,,,,,,,,,,198873,,,,,,,,,,
180967,,,,,,,,,,,,,,,,,,,,,,,,,,,,,,,,,,,,,,206081,,,,,,,,,,,,,,,,,,,,198875,,,,,,,,,,
180968,,,,,,,,,,,,,,,,,,,,,,,,,,,,,,,,,,,,,,206091,,,,,,,,,,,,,,,,,,,,198879,,,,,,,,,,
180969,,,,,,,,,,,,,,,,,,,,,,,,,,,,,,,,,,,,,,206102,,,,,,,,,,,,,,,,,,,,198894,,,,,,,,,,
180970,,,,,,,,,,,,,,,,,,,,,,,,,,,,,,,,,,,,,,206134,,,,,,,,,,,,,,,,,,,,198901,,,,,,,,,,
180971,,,,,,,,,,,,,,,,,,,,,,,,,,,,,,,,,,,,,,206330,,,,,,,,,,,,,,,,,,,,198905,,,,,,,,,,
180972,,,,,,,,,,,,,,,,,,,,,,,,,,,,,,,,,,,,,,206404,,,,,,,,,,,,,,,,,,,,198909,,,,,,,,,,
180973,,,,,,,,,,,,,,,,,,,,,,,,,,,,,,,,,,,,,,206423,,,,,,,,,,,,,,,,,,,,198918,,,,,,,,,,
180974,,,,,,,,,,,,,,,,,,,,,,,,,,,,,,,,,,,,,,206448,,,,,,,,,,,,,,,,,,,,198920,,,,,,,,,,
180975,,,,,,,,,,,,,,,,,,,,,,,,,,,,,,,,,,,,,,206454,,,,,,,,,,,,,,,,,,,,198926,,,,,,,,,,
180976,,,,,,,,,,,,,,,,,,,,,,,,,,,,,,,,,,,,,,206455,,,,,,,,,,,,,,,,,,,,199783,,,,,,,,,,
180977,,,,,,,,,,,,,,,,,,,,,,,,,,,,,,,,,,,,,,206536,,,,,,,,,,,,,,,,,,,,199791,,,,,,,,,,
180978,,,,,,,,,,,,,,,,,,,,,,,,,,,,,,,,,,,,,,206786,,,,,,,,,,,,,,,,,,,,202941,,,,,,,,,,
180979,,,,,,,,,,,,,,,,,,,,,,,,,,,,,,,,,,,,,,206787,,,,,,,,,,,,,,,,,,,,202956,,,,,,,,,,
180980,,,,,,,,,,,,,,,,,,,,,,,,,,,,,,,,,,,,,,206788,,,,,,,,,,,,,,,,,,,,202959,,,,,,,,,,
180981,,,,,,,,,,,,,,,,,,,,,,,,,,,,,,,,,,,,,,206789,,,,,,,,,,,,,,,,,,,,202963,,,,,,,,,,
180984,,,,,,,,,,,,,,,,,,,,,,,,,,,,,,,,,,,,,,206945,,,,,,,,,,,,,,,,,,,,202967,,,,,,,,,,
180985,,,,,,,,,,,,,,,,,,,,,,,,,,,,,,,,,,,,,,206989,,,,,,,,,,,,,,,,,,,,202971,,,,,,,,,,
180987,,,,,,,,,,,,,,,,,,,,,,,,,,,,,,,,,,,,,,207069,,,,,,,,,,,,,,,,,,,,202975,,,,,,,,,,
180988,,,,,,,,,,,,,,,,,,,,,,,,,,,,,,,,,,,,,,207105,,,,,,,,,,,,,,,,,,,,203111,,,,,,,,,,
180989,,,,,,,,,,,,,,,,,,,,,,,,,,,,,,,,,,,,,,207863,,,,,,,,,,,,,,,,,,,,203272,,,,,,,,,,
181621,,,,,,,,,,,,,,,,,,,,,,,,,,,,,,,,,,,,,,207864,,,,,,,,,,,,,,,,,,,,203278,,,,,,,,,,
181622,,,,,,,,,,,,,,,,,,,,,,,,,,,,,,,,,,,,,,207865,,,,,,,,,,,,,,,,,,,,203279,,,,,,,,,,
181640,,,,,,,,,,,,,,,,,,,,,,,,,,,,,,,,,,,,,,207910,,,,,,,,,,,,,,,,,,,,203280,,,,,,,,,,
181748,,,,,,,,,,,,,,,,,,,,,,,,,,,,,,,,,,,,,,207911,,,,,,,,,,,,,,,,,,,,203283,,,,,,,,,,
181867,,,,,,,,,,,,,,,,,,,,,,,,,,,,,,,,,,,,,,208299,,,,,,,,,,,,,,,,,,,,203289,,,,,,,,,,
181901,,,,,,,,,,,,,,,,,,,,,,,,,,,,,,,,,,,,,,208395,,,,,,,,,,,,,,,,,,,,203290,,,,,,,,,,
181902,,,,,,,,,,,,,,,,,,,,,,,,,,,,,,,,,,,,,,208537,,,,,,,,,,,,,,,,,,,,203291,,,,,,,,,,
182249,,,,,,,,,,,,,,,,,,,,,,,,,,,,,,,,,,,,,,208541,,,,,,,,,,,,,,,,,,,,203298,,,,,,,,,,
182250,,,,,,,,,,,,,,,,,,,,,,,,,,,,,,,,,,,,,,208749,,,,,,,,,,,,,,,,,,,,203299,,,,,,,,,,
182251,,,,,,,,,,,,,,,,,,,,,,,,,,,,,,,,,,,,,,208751,,,,,,,,,,,,,,,,,,,,203302,,,,,,,,,,
182816,,,,,,,,,,,,,,,,,,,,,,,,,,,,,,,,,,,,,,208762,,,,,,,,,,,,,,,,,,,,203305,,,,,,,,,,
182906,,,,,,,,,,,,,,,,,,,,,,,,,,,,,,,,,,,,,,208921,,,,,,,,,,,,,,,,,,,,203306,,,,,,,,,,
183066,,,,,,,,,,,,,,,,,,,,,,,,,,,,,,,,,,,,,,209173,,,,,,,,,,,,,,,,,,,,203307,,,,,,,,,,
183067,,,,,,,,,,,,,,,,,,,,,,,,,,,,,,,,,,,,,,209220,,,,,,,,,,,,,,,,,,,,203312,,,,,,,,,,
183068,,,,,,,,,,,,,,,,,,,,,,,,,,,,,,,,,,,,,,209884,,,,,,,,,,,,,,,,,,,,203330,,,,,,,,,,
183069,,,,,,,,,,,,,,,,,,,,,,,,,,,,,,,,,,,,,,209886,,,,,,,,,,,,,,,,,,,,203357,,,,,,,,,,
183070,,,,,,,,,,,,,,,,,,,,,,,,,,,,,,,,,,,,,,210395,,,,,,,,,,,,,,,,,,,,203359,,,,,,,,,,
183378,,,,,,,,,,,,,,,,,,,,,,,,,,,,,,,,,,,,,,210627,,,,,,,,,,,,,,,,,,,,203556,,,,,,,,,,
183690,,,,,,,,,,,,,,,,,,,,,,,,,,,,,,,,,,,,,,210761,,,,,,,,,,,,,,,,,,,,203837,,,,,,,,,,
183770,,,,,,,,,,,,,,,,,,,,,,,,,,,,,,,,,,,,,,210762,,,,,,,,,,,,,,,,,,,,204006,,,,,,,,,,
183789,,,,,,,,,,,,,,,,,,,,,,,,,,,,,,,,,,,,,,211484,,,,,,,,,,,,,,,,,,,,204008,,,,,,,,,,
183804,,,,,,,,,,,,,,,,,,,,,,,,,,,,,,,,,,,,,,211551,,,,,,,,,,,,,,,,,,,,204075,,,,,,,,,,
183806,,,,,,,,,,,,,,,,,,,,,,,,,,,,,,,,,,,,,,211553,,,,,,,,,,,,,,,,,,,,204205,,,,,,,,,,
183808,,,,,,,,,,,,,,,,,,,,,,,,,,,,,,,,,,,,,,211571,,,,,,,,,,,,,,,,,,,,204374,,,,,,,,,,
184052,,,,,,,,,,,,,,,,,,,,,,,,,,,,,,,,,,,,,,211596,,,,,,,,,,,,,,,,,,,,204728,,,,,,,,,,
184369,,,,,,,,,,,,,,,,,,,,,,,,,,,,,,,,,,,,,,211670,,,,,,,,,,,,,,,,,,,,204758,,,,,,,,,,
184499,,,,,,,,,,,,,,,,,,,,,,,,,,,,,,,,,,,,,,211833,,,,,,,,,,,,,,,,,,,,206196,,,,,,,,,,
184715,,,,,,,,,,,,,,,,,,,,,,,,,,,,,,,,,,,,,,211973,,,,,,,,,,,,,,,,,,,,206411,,,,,,,,,,
184730,,,,,,,,,,,,,,,,,,,,,,,,,,,,,,,,,,,,,,213200,,,,,,,,,,,,,,,,,,,,206604,,,,,,,,,,
184734,,,,,,,,,,,,,,,,,,,,,,,,,,,,,,,,,,,,,,213300,,,,,,,,,,,,,,,,,,,,206729,,,,,,,,,,
184747,,,,,,,,,,,,,,,,,,,,,,,,,,,,,,,,,,,,,,213348,,,,,,,,,,,,,,,,,,,,206733,,,,,,,,,,
184749,,,,,,,,,,,,,,,,,,,,,,,,,,,,,,,,,,,,,,213553,,,,,,,,,,,,,,,,,,,,206734,,,,,,,,,,
184750,,,,,,,,,,,,,,,,,,,,,,,,,,,,,,,,,,,,,,213961,,,,,,,,,,,,,,,,,,,,206816,,,,,,,,,,
184753,,,,,,,,,,,,,,,,,,,,,,,,,,,,,,,,,,,,,,213962,,,,,,,,,,,,,,,,,,,,206970,,,,,,,,,,
184758,,,,,,,,,,,,,,,,,,,,,,,,,,,,,,,,,,,,,,213963,,,,,,,,,,,,,,,,,,,,206971,,,,,,,,,,
184828,,,,,,,,,,,,,,,,,,,,,,,,,,,,,,,,,,,,,,213965,,,,,,,,,,,,,,,,,,,,207286,,,,,,,,,,
184922,,,,,,,,,,,,,,,,,,,,,,,,,,,,,,,,,,,,,,214774,,,,,,,,,,,,,,,,,,,,207289,,,,,,,,,,
185568,,,,,,,,,,,,,,,,,,,,,,,,,,,,,,,,,,,,,,214902,,,,,,,,,,,,,,,,,,,,207754,,,,,,,,,,
185573,,,,,,,,,,,,,,,,,,,,,,,,,,,,,,,,,,,,,,214972,,,,,,,,,,,,,,,,,,,,207968,,,,,,,,,,
185575,,,,,,,,,,,,,,,,,,,,,,,,,,,,,,,,,,,,,,214975,,,,,,,,,,,,,,,,,,,,207971,,,,,,,,,,
185586,,,,,,,,,,,,,,,,,,,,,,,,,,,,,,,,,,,,,,215174,,,,,,,,,,,,,,,,,,,,208087,,,,,,,,,,
185588,,,,,,,,,,,,,,,,,,,,,,,,,,,,,,,,,,,,,,215187,,,,,,,,,,,,,,,,,,,,208283,,,,,,,,,,
185589,,,,,,,,,,,,,,,,,,,,,,,,,,,,,,,,,,,,,,215188,,,,,,,,,,,,,,,,,,,,208339,,,,,,,,,,
185590,,,,,,,,,,,,,,,,,,,,,,,,,,,,,,,,,,,,,,215189,,,,,,,,,,,,,,,,,,,,208389,,,,,,,,,,
185591,,,,,,,,,,,,,,,,,,,,,,,,,,,,,,,,,,,,,,215195,,,,,,,,,,,,,,,,,,,,208585,,,,,,,,,,
185592,,,,,,,,,,,,,,,,,,,,,,,,,,,,,,,,,,,,,,215196,,,,,,,,,,,,,,,,,,,,208615,,,,,,,,,,
185593,,,,,,,,,,,,,,,,,,,,,,,,,,,,,,,,,,,,,,216024,,,,,,,,,,,,,,,,,,,,208621,,,,,,,,,,
185922,,,,,,,,,,,,,,,,,,,,,,,,,,,,,,,,,,,,,,216041,,,,,,,,,,,,,,,,,,,,208683,,,,,,,,,,
185923,,,,,,,,,,,,,,,,,,,,,,,,,,,,,,,,,,,,,,216267,,,,,,,,,,,,,,,,,,,,208725,,,,,,,,,,
185926,,,,,,,,,,,,,,,,,,,,,,,,,,,,,,,,,,,,,,216272,,,,,,,,,,,,,,,,,,,,208763,,,,,,,,,,
185941,,,,,,,,,,,,,,,,,,,,,,,,,,,,,,,,,,,,,,217595,,,,,,,,,,,,,,,,,,,,209311,,,,,,,,,,
185942,,,,,,,,,,,,,,,,,,,,,,,,,,,,,,,,,,,,,,218062,,,,,,,,,,,,,,,,,,,,209769,,,,,,,,,,
185959,,,,,,,,,,,,,,,,,,,,,,,,,,,,,,,,,,,,,,218070,,,,,,,,,,,,,,,,,,,,209770,,,,,,,,,,
186460,,,,,,,,,,,,,,,,,,,,,,,,,,,,,,,,,,,,,,218080,,,,,,,,,,,,,,,,,,,,209771,,,,,,,,,,
186471,,,,,,,,,,,,,,,,,,,,,,,,,,,,,,,,,,,,,,218249,,,,,,,,,,,,,,,,,,,,209772,,,,,,,,,,
186666,,,,,,,,,,,,,,,,,,,,,,,,,,,,,,,,,,,,,,218250,,,,,,,,,,,,,,,,,,,,209773,,,,,,,,,,
186847,,,,,,,,,,,,,,,,,,,,,,,,,,,,,,,,,,,,,,218536,,,,,,,,,,,,,,,,,,,,209774,,,,,,,,,,
187012,,,,,,,,,,,,,,,,,,,,,,,,,,,,,,,,,,,,,,218641,,,,,,,,,,,,,,,,,,,,209775,,,,,,,,,,
187017,,,,,,,,,,,,,,,,,,,,,,,,,,,,,,,,,,,,,,218644,,,,,,,,,,,,,,,,,,,,209776,,,,,,,,,,
187046,,,,,,,,,,,,,,,,,,,,,,,,,,,,,,,,,,,,,,218645,,,,,,,,,,,,,,,,,,,,209777,,,,,,,,,,
187395,,,,,,,,,,,,,,,,,,,,,,,,,,,,,,,,,,,,,,218682,,,,,,,,,,,,,,,,,,,,209778,,,,,,,,,,
187589,,,,,,,,,,,,,,,,,,,,,,,,,,,,,,,,,,,,,,218688,,,,,,,,,,,,,,,,,,,,209781,,,,,,,,,,
187616,,,,,,,,,,,,,,,,,,,,,,,,,,,,,,,,,,,,,,218706,,,,,,,,,,,,,,,,,,,,209782,,,,,,,,,,
187621,,,,,,,,,,,,,,,,,,,,,,,,,,,,,,,,,,,,,,219854,,,,,,,,,,,,,,,,,,,,209785,,,,,,,,,,
187839,,,,,,,,,,,,,,,,,,,,,,,,,,,,,,,,,,,,,,219905,,,,,,,,,,,,,,,,,,,,209786,,,,,,,,,,
187840,,,,,,,,,,,,,,,,,,,,,,,,,,,,,,,,,,,,,,220806,,,,,,,,,,,,,,,,,,,,210653,,,,,,,,,,
187899,,,,,,,,,,,,,,,,,,,,,,,,,,,,,,,,,,,,,,220936,,,,,,,,,,,,,,,,,,,,211732,,,,,,,,,,
188379,,,,,,,,,,,,,,,,,,,,,,,,,,,,,,,,,,,,,,222243,,,,,,,,,,,,,,,,,,,,211733,,,,,,,,,,
188412,,,,,,,,,,,,,,,,,,,,,,,,,,,,,,,,,,,,,,222244,,,,,,,,,,,,,,,,,,,,211742,,,,,,,,,,
189218,,,,,,,,,,,,,,,,,,,,,,,,,,,,,,,,,,,,,,222245,,,,,,,,,,,,,,,,,,,,211984,,,,,,,,,,
189481,,,,,,,,,,,,,,,,,,,,,,,,,,,,,,,,,,,,,,222246,,,,,,,,,,,,,,,,,,,,214036,,,,,,,,,,
189482,,,,,,,,,,,,,,,,,,,,,,,,,,,,,,,,,,,,,,222247,,,,,,,,,,,,,,,,,,,,214038,,,,,,,,,,
189913,,,,,,,,,,,,,,,,,,,,,,,,,,,,,,,,,,,,,,222248,,,,,,,,,,,,,,,,,,,,214813,,,,,,,,,,
190145,,,,,,,,,,,,,,,,,,,,,,,,,,,,,,,,,,,,,,222292,,,,,,,,,,,,,,,,,,,,214834,,,,,,,,,,
190165,,,,,,,,,,,,,,,,,,,,,,,,,,,,,,,,,,,,,,222293,,,,,,,,,,,,,,,,,,,,215202,,,,,,,,,,
190430,,,,,,,,,,,,,,,,,,,,,,,,,,,,,,,,,,,,,,222294,,,,,,,,,,,,,,,,,,,,215289,,,,,,,,,,
190455,,,,,,,,,,,,,,,,,,,,,,,,,,,,,,,,,,,,,,223228,,,,,,,,,,,,,,,,,,,,215424,,,,,,,,,,
190456,,,,,,,,,,,,,,,,,,,,,,,,,,,,,,,,,,,,,,224046,,,,,,,,,,,,,,,,,,,,216560,,,,,,,,,,
190462,,,,,,,,,,,,,,,,,,,,,,,,,,,,,,,,,,,,,,224058,,,,,,,,,,,,,,,,,,,,216634,,,,,,,,,,
192805,,,,,,,,,,,,,,,,,,,,,,,,,,,,,,,,,,,,,,224062,,,,,,,,,,,,,,,,,,,,216645,,,,,,,,,,
192872,,,,,,,,,,,,,,,,,,,,,,,,,,,,,,,,,,,,,,224070,,,,,,,,,,,,,,,,,,,,216648,,,,,,,,,,
192873,,,,,,,,,,,,,,,,,,,,,,,,,,,,,,,,,,,,,,225500,,,,,,,,,,,,,,,,,,,,216651,,,,,,,,,,
192874,,,,,,,,,,,,,,,,,,,,,,,,,,,,,,,,,,,,,,225529,,,,,,,,,,,,,,,,,,,,216669,,,,,,,,,,
192875,,,,,,,,,,,,,,,,,,,,,,,,,,,,,,,,,,,,,,226006,,,,,,,,,,,,,,,,,,,,216671,,,,,,,,,,
193101,,,,,,,,,,,,,,,,,,,,,,,,,,,,,,,,,,,,,,227851,,,,,,,,,,,,,,,,,,,,216680,,,,,,,,,,
193106,,,,,,,,,,,,,,,,,,,,,,,,,,,,,,,,,,,,,,228316,,,,,,,,,,,,,,,,,,,,216775,,,,,,,,,,
193257,,,,,,,,,,,,,,,,,,,,,,,,,,,,,,,,,,,,,,228341,,,,,,,,,,,,,,,,,,,,218807,,,,,,,,,,
193296,,,,,,,,,,,,,,,,,,,,,,,,,,,,,,,,,,,,,,228535,,,,,,,,,,,,,,,,,,,,220769,,,,,,,,,,
193397,,,,,,,,,,,,,,,,,,,,,,,,,,,,,,,,,,,,,,,,,,,,,,,,,,,,,,,,,,223194,,,,,,,,,,
193446,,,,,,,,,,,,,,,,,,,,,,,,,,,,,,,,,,,,,,,,,,,,,,,,,,,,,,,,,,223197,,,,,,,,,,
193447,,,,,,,,,,,,,,,,,,,,,,,,,,,,,,,,,,,,,,,,,,,,,,,,,,,,,,,,,,223198,,,,,,,,,,
193452,,,,,,,,,,,,,,,,,,,,,,,,,,,,,,,,,,,,,,,,,,,,,,,,,,,,,,,,,,223216,,,,,,,,,,
193599,,,,,,,,,,,,,,,,,,,,,,,,,,,,,,,,,,,,,,,,,,,,,,,,,,,,,,,,,,223221,,,,,,,,,,
193601,,,,,,,,,,,,,,,,,,,,,,,,,,,,,,,,,,,,,,,,,,,,,,,,,,,,,,,,,,224010,,,,,,,,,,
193602,,,,,,,,,,,,,,,,,,,,,,,,,,,,,,,,,,,,,,,,,,,,,,,,,,,,,,,,,,224013,,,,,,,,,,
193606,,,,,,,,,,,,,,,,,,,,,,,,,,,,,,,,,,,,,,,,,,,,,,,,,,,,,,,,,,224032,,,,,,,,,,
193915,,,,,,,,,,,,,,,,,,,,,,,,,,,,,,,,,,,,,,,,,,,,,,,,,,,,,,,,,,1139085,,,,,,,,,,
193984,,,,,,,,,,,,,,,,,,,,,,,,,,,,,,,,,,,,,,,,,,,,,,,,,,,,,,,,,,1173070,,,,,,,,,,
194033,,,,,,,,,,,,,,,,,,,,,,,,,,,,,,,,,,,,,,,,,,,,,,,,,,,,,,,,,,1188697,,,,,,,,,,
194054,,,,,,,,,,,,,,,,,,,,,,,,,,,,,,,,,,,,,,,,,,,,,,,,,,,,,,,,,,,,,,,,,,,,
194244,,,,,,,,,,,,,,,,,,,,,,,,,,,,,,,,,,,,,,,,,,,,,,,,,,,,,,,,,,,,,,,,,,,,
194246,,,,,,,,,,,,,,,,,,,,,,,,,,,,,,,,,,,,,,,,,,,,,,,,,,,,,,,,,,,,,,,,,,,,
194247,,,,,,,,,,,,,,,,,,,,,,,,,,,,,,,,,,,,,,,,,,,,,,,,,,,,,,,,,,,,,,,,,,,,
194283,,,,,,,,,,,,,,,,,,,,,,,,,,,,,,,,,,,,,,,,,,,,,,,,,,,,,,,,,,,,,,,,,,,,
194387,,,,,,,,,,,,,,,,,,,,,,,,,,,,,,,,,,,,,,,,,,,,,,,,,,,,,,,,,,,,,,,,,,,,
194449,,,,,,,,,,,,,,,,,,,,,,,,,,,,,,,,,,,,,,,,,,,,,,,,,,,,,,,,,,,,,,,,,,,,
194775,,,,,,,,,,,,,,,,,,,,,,,,,,,,,,,,,,,,,,,,,,,,,,,,,,,,,,,,,,,,,,,,,,,,
194905,,,,,,,,,,,,,,,,,,,,,,,,,,,,,,,,,,,,,,,,,,,,,,,,,,,,,,,,,,,,,,,,,,,,
194910,,,,,,,,,,,,,,,,,,,,,,,,,,,,,,,,,,,,,,,,,,,,,,,,,,,,,,,,,,,,,,,,,,,,
194925,,,,,,,,,,,,,,,,,,,,,,,,,,,,,,,,,,,,,,,,,,,,,,,,,,,,,,,,,,,,,,,,,,,,
195238,,,,,,,,,,,,,,,,,,,,,,,,,,,,,,,,,,,,,,,,,,,,,,,,,,,,,,,,,,,,,,,,,,,,
195239,,,,,,,,,,,,,,,,,,,,,,,,,,,,,,,,,,,,,,,,,,,,,,,,,,,,,,,,,,,,,,,,,,,,
195277,,,,,,,,,,,,,,,,,,,,,,,,,,,,,,,,,,,,,,,,,,,,,,,,,,,,,,,,,,,,,,,,,,,,
195294,,,,,,,,,,,,,,,,,,,,,,,,,,,,,,,,,,,,,,,,,,,,,,,,,,,,,,,,,,,,,,,,,,,,
195297,,,,,,,,,,,,,,,,,,,,,,,,,,,,,,,,,,,,,,,,,,,,,,,,,,,,,,,,,,,,,,,,,,,,
195298,,,,,,,,,,,,,,,,,,,,,,,,,,,,,,,,,,,,,,,,,,,,,,,,,,,,,,,,,,,,,,,,,,,,
195409,,,,,,,,,,,,,,,,,,,,,,,,,,,,,,,,,,,,,,,,,,,,,,,,,,,,,,,,,,,,,,,,,,,,
195412,,,,,,,,,,,,,,,,,,,,,,,,,,,,,,,,,,,,,,,,,,,,,,,,,,,,,,,,,,,,,,,,,,,,
195418,,,,,,,,,,,,,,,,,,,,,,,,,,,,,,,,,,,,,,,,,,,,,,,,,,,,,,,,,,,,,,,,,,,,
195425,,,,,,,,,,,,,,,,,,,,,,,,,,,,,,,,,,,,,,,,,,,,,,,,,,,,,,,,,,,,,,,,,,,,
195433,,,,,,,,,,,,,,,,,,,,,,,,,,,,,,,,,,,,,,,,,,,,,,,,,,,,,,,,,,,,,,,,,,,,
195574,,,,,,,,,,,,,,,,,,,,,,,,,,,,,,,,,,,,,,,,,,,,,,,,,,,,,,,,,,,,,,,,,,,,
195575,,,,,,,,,,,,,,,,,,,,,,,,,,,,,,,,,,,,,,,,,,,,,,,,,,,,,,,,,,,,,,,,,,,,
195584,,,,,,,,,,,,,,,,,,,,,,,,,,,,,,,,,,,,,,,,,,,,,,,,,,,,,,,,,,,,,,,,,,,,
195739,,,,,,,,,,,,,,,,,,,,,,,,,,,,,,,,,,,,,,,,,,,,,,,,,,,,,,,,,,,,,,,,,,,,
195774,,,,,,,,,,,,,,,,,,,,,,,,,,,,,,,,,,,,,,,,,,,,,,,,,,,,,,,,,,,,,,,,,,,,
195842,,,,,,,,,,,,,,,,,,,,,,,,,,,,,,,,,,,,,,,,,,,,,,,,,,,,,,,,,,,,,,,,,,,,
195843,,,,,,,,,,,,,,,,,,,,,,,,,,,,,,,,,,,,,,,,,,,,,,,,,,,,,,,,,,,,,,,,,,,,
195954,,,,,,,,,,,,,,,,,,,,,,,,,,,,,,,,,,,,,,,,,,,,,,,,,,,,,,,,,,,,,,,,,,,,
195992,,,,,,,,,,,,,,,,,,,,,,,,,,,,,,,,,,,,,,,,,,,,,,,,,,,,,,,,,,,,,,,,,,,,
196143,,,,,,,,,,,,,,,,,,,,,,,,,,,,,,,,,,,,,,,,,,,,,,,,,,,,,,,,,,,,,,,,,,,,
196474,,,,,,,,,,,,,,,,,,,,,,,,,,,,,,,,,,,,,,,,,,,,,,,,,,,,,,,,,,,,,,,,,,,,
196475,,,,,,,,,,,,,,,,,,,,,,,,,,,,,,,,,,,,,,,,,,,,,,,,,,,,,,,,,,,,,,,,,,,,
196477,,,,,,,,,,,,,,,,,,,,,,,,,,,,,,,,,,,,,,,,,,,,,,,,,,,,,,,,,,,,,,,,,,,,
196490,,,,,,,,,,,,,,,,,,,,,,,,,,,,,,,,,,,,,,,,,,,,,,,,,,,,,,,,,,,,,,,,,,,,
196747,,,,,,,,,,,,,,,,,,,,,,,,,,,,,,,,,,,,,,,,,,,,,,,,,,,,,,,,,,,,,,,,,,,,
196765,,,,,,,,,,,,,,,,,,,,,,,,,,,,,,,,,,,,,,,,,,,,,,,,,,,,,,,,,,,,,,,,,,,,
196768,,,,,,,,,,,,,,,,,,,,,,,,,,,,,,,,,,,,,,,,,,,,,,,,,,,,,,,,,,,,,,,,,,,,
196781,,,,,,,,,,,,,,,,,,,,,,,,,,,,,,,,,,,,,,,,,,,,,,,,,,,,,,,,,,,,,,,,,,,,
196941,,,,,,,,,,,,,,,,,,,,,,,,,,,,,,,,,,,,,,,,,,,,,,,,,,,,,,,,,,,,,,,,,,,,
196952,,,,,,,,,,,,,,,,,,,,,,,,,,,,,,,,,,,,,,,,,,,,,,,,,,,,,,,,,,,,,,,,,,,,
196955,,,,,,,,,,,,,,,,,,,,,,,,,,,,,,,,,,,,,,,,,,,,,,,,,,,,,,,,,,,,,,,,,,,,
196957,,,,,,,,,,,,,,,,,,,,,,,,,,,,,,,,,,,,,,,,,,,,,,,,,,,,,,,,,,,,,,,,,,,,
196975,,,,,,,,,,,,,,,,,,,,,,,,,,,,,,,,,,,,,,,,,,,,,,,,,,,,,,,,,,,,,,,,,,,,
197006,,,,,,,,,,,,,,,,,,,,,,,,,,,,,,,,,,,,,,,,,,,,,,,,,,,,,,,,,,,,,,,,,,,,
197008,,,,,,,,,,,,,,,,,,,,,,,,,,,,,,,,,,,,,,,,,,,,,,,,,,,,,,,,,,,,,,,,,,,,
201969,,,,,,,,,,,,,,,,,,,,,,,,,,,,,,,,,,,,,,,,,,,,,,,,,,,,,,,,,,,,,,,,,,,,
201983,,,,,,,,,,,,,,,,,,,,,,,,,,,,,,,,,,,,,,,,,,,,,,,,,,,,,,,,,,,,,,,,,,,,
202047,,,,,,,,,,,,,,,,,,,,,,,,,,,,,,,,,,,,,,,,,,,,,,,,,,,,,,,,,,,,,,,,,,,,
202051,,,,,,,,,,,,,,,,,,,,,,,,,,,,,,,,,,,,,,,,,,,,,,,,,,,,,,,,,,,,,,,,,,,,
202099,,,,,,,,,,,,,,,,,,,,,,,,,,,,,,,,,,,,,,,,,,,,,,,,,,,,,,,,,,,,,,,,,,,,
202237,,,,,,,,,,,,,,,,,,,,,,,,,,,,,,,,,,,,,,,,,,,,,,,,,,,,,,,,,,,,,,,,,,,,
202254,,,,,,,,,,,,,,,,,,,,,,,,,,,,,,,,,,,,,,,,,,,,,,,,,,,,,,,,,,,,,,,,,,,,
202355,,,,,,,,,,,,,,,,,,,,,,,,,,,,,,,,,,,,,,,,,,,,,,,,,,,,,,,,,,,,,,,,,,,,
202390,,,,,,,,,,,,,,,,,,,,,,,,,,,,,,,,,,,,,,,,,,,,,,,,,,,,,,,,,,,,,,,,,,,,
202392,,,,,,,,,,,,,,,,,,,,,,,,,,,,,,,,,,,,,,,,,,,,,,,,,,,,,,,,,,,,,,,,,,,,
202403,,,,,,,,,,,,,,,,,,,,,,,,,,,,,,,,,,,,,,,,,,,,,,,,,,,,,,,,,,,,,,,,,,,,
202494,,,,,,,,,,,,,,,,,,,,,,,,,,,,,,,,,,,,,,,,,,,,,,,,,,,,,,,,,,,,,,,,,,,,
202596,,,,,,,,,,,,,,,,,,,,,,,,,,,,,,,,,,,,,,,,,,,,,,,,,,,,,,,,,,,,,,,,,,,,
203093,,,,,,,,,,,,,,,,,,,,,,,,,,,,,,,,,,,,,,,,,,,,,,,,,,,,,,,,,,,,,,,,,,,,
203095,,,,,,,,,,,,,,,,,,,,,,,,,,,,,,,,,,,,,,,,,,,,,,,,,,,,,,,,,,,,,,,,,,,,
203097,,,,,,,,,,,,,,,,,,,,,,,,,,,,,,,,,,,,,,,,,,,,,,,,,,,,,,,,,,,,,,,,,,,,
203100,,,,,,,,,,,,,,,,,,,,,,,,,,,,,,,,,,,,,,,,,,,,,,,,,,,,,,,,,,,,,,,,,,,,
203101,,,,,,,,,,,,,,,,,,,,,,,,,,,,,,,,,,,,,,,,,,,,,,,,,,,,,,,,,,,,,,,,,,,,
203104,,,,,,,,,,,,,,,,,,,,,,,,,,,,,,,,,,,,,,,,,,,,,,,,,,,,,,,,,,,,,,,,,,,,
203108,,,,,,,,,,,,,,,,,,,,,,,,,,,,,,,,,,,,,,,,,,,,,,,,,,,,,,,,,,,,,,,,,,,,
203110,,,,,,,,,,,,,,,,,,,,,,,,,,,,,,,,,,,,,,,,,,,,,,,,,,,,,,,,,,,,,,,,,,,,
204156,,,,,,,,,,,,,,,,,,,,,,,,,,,,,,,,,,,,,,,,,,,,,,,,,,,,,,,,,,,,,,,,,,,,
205555,,,,,,,,,,,,,,,,,,,,,,,,,,,,,,,,,,,,,,,,,,,,,,,,,,,,,,,,,,,,,,,,,,,,
205557,,,,,,,,,,,,,,,,,,,,,,,,,,,,,,,,,,,,,,,,,,,,,,,,,,,,,,,,,,,,,,,,,,,,
205558,,,,,,,,,,,,,,,,,,,,,,,,,,,,,,,,,,,,,,,,,,,,,,,,,,,,,,,,,,,,,,,,,,,,
205663,,,,,,,,,,,,,,,,,,,,,,,,,,,,,,,,,,,,,,,,,,,,,,,,,,,,,,,,,,,,,,,,,,,,
205675,,,,,,,,,,,,,,,,,,,,,,,,,,,,,,,,,,,,,,,,,,,,,,,,,,,,,,,,,,,,,,,,,,,,
205737,,,,,,,,,,,,,,,,,,,,,,,,,,,,,,,,,,,,,,,,,,,,,,,,,,,,,,,,,,,,,,,,,,,,
205759,,,,,,,,,,,,,,,,,,,,,,,,,,,,,,,,,,,,,,,,,,,,,,,,,,,,,,,,,,,,,,,,,,,,
205764,,,,,,,,,,,,,,,,,,,,,,,,,,,,,,,,,,,,,,,,,,,,,,,,,,,,,,,,,,,,,,,,,,,,
205803,,,,,,,,,,,,,,,,,,,,,,,,,,,,,,,,,,,,,,,,,,,,,,,,,,,,,,,,,,,,,,,,,,,,
205804,,,,,,,,,,,,,,,,,,,,,,,,,,,,,,,,,,,,,,,,,,,,,,,,,,,,,,,,,,,,,,,,,,,,
205810,,,,,,,,,,,,,,,,,,,,,,,,,,,,,,,,,,,,,,,,,,,,,,,,,,,,,,,,,,,,,,,,,,,,
206805,,,,,,,,,,,,,,,,,,,,,,,,,,,,,,,,,,,,,,,,,,,,,,,,,,,,,,,,,,,,,,,,,,,,
206806,,,,,,,,,,,,,,,,,,,,,,,,,,,,,,,,,,,,,,,,,,,,,,,,,,,,,,,,,,,,,,,,,,,,
206807,,,,,,,,,,,,,,,,,,,,,,,,,,,,,,,,,,,,,,,,,,,,,,,,,,,,,,,,,,,,,,,,,,,,
206808,,,,,,,,,,,,,,,,,,,,,,,,,,,,,,,,,,,,,,,,,,,,,,,,,,,,,,,,,,,,,,,,,,,,
206809,,,,,,,,,,,,,,,,,,,,,,,,,,,,,,,,,,,,,,,,,,,,,,,,,,,,,,,,,,,,,,,,,,,,
206811,,,,,,,,,,,,,,,,,,,,,,,,,,,,,,,,,,,,,,,,,,,,,,,,,,,,,,,,,,,,,,,,,,,,
206842,,,,,,,,,,,,,,,,,,,,,,,,,,,,,,,,,,,,,,,,,,,,,,,,,,,,,,,,,,,,,,,,,,,,
206882,,,,,,,,,,,,,,,,,,,,,,,,,,,,,,,,,,,,,,,,,,,,,,,,,,,,,,,,,,,,,,,,,,,,
206906,,,,,,,,,,,,,,,,,,,,,,,,,,,,,,,,,,,,,,,,,,,,,,,,,,,,,,,,,,,,,,,,,,,,
206914,,,,,,,,,,,,,,,,,,,,,,,,,,,,,,,,,,,,,,,,,,,,,,,,,,,,,,,,,,,,,,,,,,,,
207017,,,,,,,,,,,,,,,,,,,,,,,,,,,,,,,,,,,,,,,,,,,,,,,,,,,,,,,,,,,,,,,,,,,,
207094,,,,,,,,,,,,,,,,,,,,,,,,,,,,,,,,,,,,,,,,,,,,,,,,,,,,,,,,,,,,,,,,,,,,
207095,,,,,,,,,,,,,,,,,,,,,,,,,,,,,,,,,,,,,,,,,,,,,,,,,,,,,,,,,,,,,,,,,,,,
207242,,,,,,,,,,,,,,,,,,,,,,,,,,,,,,,,,,,,,,,,,,,,,,,,,,,,,,,,,,,,,,,,,,,,
207262,,,,,,,,,,,,,,,,,,,,,,,,,,,,,,,,,,,,,,,,,,,,,,,,,,,,,,,,,,,,,,,,,,,,
207307,,,,,,,,,,,,,,,,,,,,,,,,,,,,,,,,,,,,,,,,,,,,,,,,,,,,,,,,,,,,,,,,,,,,
207320,,,,,,,,,,,,,,,,,,,,,,,,,,,,,,,,,,,,,,,,,,,,,,,,,,,,,,,,,,,,,,,,,,,,
207354,,,,,,,,,,,,,,,,,,,,,,,,,,,,,,,,,,,,,,,,,,,,,,,,,,,,,,,,,,,,,,,,,,,,
207684,,,,,,,,,,,,,,,,,,,,,,,,,,,,,,,,,,,,,,,,,,,,,,,,,,,,,,,,,,,,,,,,,,,,
207779,,,,,,,,,,,,,,,,,,,,,,,,,,,,,,,,,,,,,,,,,,,,,,,,,,,,,,,,,,,,,,,,,,,,
208522,,,,,,,,,,,,,,,,,,,,,,,,,,,,,,,,,,,,,,,,,,,,,,,,,,,,,,,,,,,,,,,,,,,,
208640,,,,,,,,,,,,,,,,,,,,,,,,,,,,,,,,,,,,,,,,,,,,,,,,,,,,,,,,,,,,,,,,,,,,
208644,,,,,,,,,,,,,,,,,,,,,,,,,,,,,,,,,,,,,,,,,,,,,,,,,,,,,,,,,,,,,,,,,,,,
208646,,,,,,,,,,,,,,,,,,,,,,,,,,,,,,,,,,,,,,,,,,,,,,,,,,,,,,,,,,,,,,,,,,,,
208665,,,,,,,,,,,,,,,,,,,,,,,,,,,,,,,,,,,,,,,,,,,,,,,,,,,,,,,,,,,,,,,,,,,,
208691,,,,,,,,,,,,,,,,,,,,,,,,,,,,,,,,,,,,,,,,,,,,,,,,,,,,,,,,,,,,,,,,,,,,
208693,,,,,,,,,,,,,,,,,,,,,,,,,,,,,,,,,,,,,,,,,,,,,,,,,,,,,,,,,,,,,,,,,,,,
208716,,,,,,,,,,,,,,,,,,,,,,,,,,,,,,,,,,,,,,,,,,,,,,,,,,,,,,,,,,,,,,,,,,,,
208745,,,,,,,,,,,,,,,,,,,,,,,,,,,,,,,,,,,,,,,,,,,,,,,,,,,,,,,,,,,,,,,,,,,,
208775,,,,,,,,,,,,,,,,,,,,,,,,,,,,,,,,,,,,,,,,,,,,,,,,,,,,,,,,,,,,,,,,,,,,
209256,,,,,,,,,,,,,,,,,,,,,,,,,,,,,,,,,,,,,,,,,,,,,,,,,,,,,,,,,,,,,,,,,,,,
209797,,,,,,,,,,,,,,,,,,,,,,,,,,,,,,,,,,,,,,,,,,,,,,,,,,,,,,,,,,,,,,,,,,,,
209800,,,,,,,,,,,,,,,,,,,,,,,,,,,,,,,,,,,,,,,,,,,,,,,,,,,,,,,,,,,,,,,,,,,,
209803,,,,,,,,,,,,,,,,,,,,,,,,,,,,,,,,,,,,,,,,,,,,,,,,,,,,,,,,,,,,,,,,,,,,
209806,,,,,,,,,,,,,,,,,,,,,,,,,,,,,,,,,,,,,,,,,,,,,,,,,,,,,,,,,,,,,,,,,,,,
210119,,,,,,,,,,,,,,,,,,,,,,,,,,,,,,,,,,,,,,,,,,,,,,,,,,,,,,,,,,,,,,,,,,,,
210614,,,,,,,,,,,,,,,,,,,,,,,,,,,,,,,,,,,,,,,,,,,,,,,,,,,,,,,,,,,,,,,,,,,,
210615,,,,,,,,,,,,,,,,,,,,,,,,,,,,,,,,,,,,,,,,,,,,,,,,,,,,,,,,,,,,,,,,,,,,
210621,,,,,,,,,,,,,,,,,,,,,,,,,,,,,,,,,,,,,,,,,,,,,,,,,,,,,,,,,,,,,,,,,,,,
210680,,,,,,,,,,,,,,,,,,,,,,,,,,,,,,,,,,,,,,,,,,,,,,,,,,,,,,,,,,,,,,,,,,,,
211613,,,,,,,,,,,,,,,,,,,,,,,,,,,,,,,,,,,,,,,,,,,,,,,,,,,,,,,,,,,,,,,,,,,,
211616,,,,,,,,,,,,,,,,,,,,,,,,,,,,,,,,,,,,,,,,,,,,,,,,,,,,,,,,,,,,,,,,,,,,
211617,,,,,,,,,,,,,,,,,,,,,,,,,,,,,,,,,,,,,,,,,,,,,,,,,,,,,,,,,,,,,,,,,,,,
211622,,,,,,,,,,,,,,,,,,,,,,,,,,,,,,,,,,,,,,,,,,,,,,,,,,,,,,,,,,,,,,,,,,,,
211624,,,,,,,,,,,,,,,,,,,,,,,,,,,,,,,,,,,,,,,,,,,,,,,,,,,,,,,,,,,,,,,,,,,,
211636,,,,,,,,,,,,,,,,,,,,,,,,,,,,,,,,,,,,,,,,,,,,,,,,,,,,,,,,,,,,,,,,,,,,
211639,,,,,,,,,,,,,,,,,,,,,,,,,,,,,,,,,,,,,,,,,,,,,,,,,,,,,,,,,,,,,,,,,,,,
211642,,,,,,,,,,,,,,,,,,,,,,,,,,,,,,,,,,,,,,,,,,,,,,,,,,,,,,,,,,,,,,,,,,,,
211644,,,,,,,,,,,,,,,,,,,,,,,,,,,,,,,,,,,,,,,,,,,,,,,,,,,,,,,,,,,,,,,,,,,,
211646,,,,,,,,,,,,,,,,,,,,,,,,,,,,,,,,,,,,,,,,,,,,,,,,,,,,,,,,,,,,,,,,,,,,
211648,,,,,,,,,,,,,,,,,,,,,,,,,,,,,,,,,,,,,,,,,,,,,,,,,,,,,,,,,,,,,,,,,,,,
211649,,,,,,,,,,,,,,,,,,,,,,,,,,,,,,,,,,,,,,,,,,,,,,,,,,,,,,,,,,,,,,,,,,,,
211650,,,,,,,,,,,,,,,,,,,,,,,,,,,,,,,,,,,,,,,,,,,,,,,,,,,,,,,,,,,,,,,,,,,,
211651,,,,,,,,,,,,,,,,,,,,,,,,,,,,,,,,,,,,,,,,,,,,,,,,,,,,,,,,,,,,,,,,,,,,
211652,,,,,,,,,,,,,,,,,,,,,,,,,,,,,,,,,,,,,,,,,,,,,,,,,,,,,,,,,,,,,,,,,,,,
211829,,,,,,,,,,,,,,,,,,,,,,,,,,,,,,,,,,,,,,,,,,,,,,,,,,,,,,,,,,,,,,,,,,,,
211894,,,,,,,,,,,,,,,,,,,,,,,,,,,,,,,,,,,,,,,,,,,,,,,,,,,,,,,,,,,,,,,,,,,,
211916,,,,,,,,,,,,,,,,,,,,,,,,,,,,,,,,,,,,,,,,,,,,,,,,,,,,,,,,,,,,,,,,,,,,
211917,,,,,,,,,,,,,,,,,,,,,,,,,,,,,,,,,,,,,,,,,,,,,,,,,,,,,,,,,,,,,,,,,,,,
213326,,,,,,,,,,,,,,,,,,,,,,,,,,,,,,,,,,,,,,,,,,,,,,,,,,,,,,,,,,,,,,,,,,,,
213446,,,,,,,,,,,,,,,,,,,,,,,,,,,,,,,,,,,,,,,,,,,,,,,,,,,,,,,,,,,,,,,,,,,,
213539,,,,,,,,,,,,,,,,,,,,,,,,,,,,,,,,,,,,,,,,,,,,,,,,,,,,,,,,,,,,,,,,,,,,
213544,,,,,,,,,,,,,,,,,,,,,,,,,,,,,,,,,,,,,,,,,,,,,,,,,,,,,,,,,,,,,,,,,,,,
214261,,,,,,,,,,,,,,,,,,,,,,,,,,,,,,,,,,,,,,,,,,,,,,,,,,,,,,,,,,,,,,,,,,,,
214369,,,,,,,,,,,,,,,,,,,,,,,,,,,,,,,,,,,,,,,,,,,,,,,,,,,,,,,,,,,,,,,,,,,,
214422,,,,,,,,,,,,,,,,,,,,,,,,,,,,,,,,,,,,,,,,,,,,,,,,,,,,,,,,,,,,,,,,,,,,
215060,,,,,,,,,,,,,,,,,,,,,,,,,,,,,,,,,,,,,,,,,,,,,,,,,,,,,,,,,,,,,,,,,,,,
215072,,,,,,,,,,,,,,,,,,,,,,,,,,,,,,,,,,,,,,,,,,,,,,,,,,,,,,,,,,,,,,,,,,,,
215554,,,,,,,,,,,,,,,,,,,,,,,,,,,,,,,,,,,,,,,,,,,,,,,,,,,,,,,,,,,,,,,,,,,,
215559,,,,,,,,,,,,,,,,,,,,,,,,,,,,,,,,,,,,,,,,,,,,,,,,,,,,,,,,,,,,,,,,,,,,
215763,,,,,,,,,,,,,,,,,,,,,,,,,,,,,,,,,,,,,,,,,,,,,,,,,,,,,,,,,,,,,,,,,,,,
215815,,,,,,,,,,,,,,,,,,,,,,,,,,,,,,,,,,,,,,,,,,,,,,,,,,,,,,,,,,,,,,,,,,,,
215816,,,,,,,,,,,,,,,,,,,,,,,,,,,,,,,,,,,,,,,,,,,,,,,,,,,,,,,,,,,,,,,,,,,,
215825,,,,,,,,,,,,,,,,,,,,,,,,,,,,,,,,,,,,,,,,,,,,,,,,,,,,,,,,,,,,,,,,,,,,
215830,,,,,,,,,,,,,,,,,,,,,,,,,,,,,,,,,,,,,,,,,,,,,,,,,,,,,,,,,,,,,,,,,,,,
215839,,,,,,,,,,,,,,,,,,,,,,,,,,,,,,,,,,,,,,,,,,,,,,,,,,,,,,,,,,,,,,,,,,,,
215843,,,,,,,,,,,,,,,,,,,,,,,,,,,,,,,,,,,,,,,,,,,,,,,,,,,,,,,,,,,,,,,,,,,,
215860,,,,,,,,,,,,,,,,,,,,,,,,,,,,,,,,,,,,,,,,,,,,,,,,,,,,,,,,,,,,,,,,,,,,
215986,,,,,,,,,,,,,,,,,,,,,,,,,,,,,,,,,,,,,,,,,,,,,,,,,,,,,,,,,,,,,,,,,,,,
215987,,,,,,,,,,,,,,,,,,,,,,,,,,,,,,,,,,,,,,,,,,,,,,,,,,,,,,,,,,,,,,,,,,,,
215988,,,,,,,,,,,,,,,,,,,,,,,,,,,,,,,,,,,,,,,,,,,,,,,,,,,,,,,,,,,,,,,,,,,,
215989,,,,,,,,,,,,,,,,,,,,,,,,,,,,,,,,,,,,,,,,,,,,,,,,,,,,,,,,,,,,,,,,,,,,
215990,,,,,,,,,,,,,,,,,,,,,,,,,,,,,,,,,,,,,,,,,,,,,,,,,,,,,,,,,,,,,,,,,,,,
215991,,,,,,,,,,,,,,,,,,,,,,,,,,,,,,,,,,,,,,,,,,,,,,,,,,,,,,,,,,,,,,,,,,,,
215992,,,,,,,,,,,,,,,,,,,,,,,,,,,,,,,,,,,,,,,,,,,,,,,,,,,,,,,,,,,,,,,,,,,,
215993,,,,,,,,,,,,,,,,,,,,,,,,,,,,,,,,,,,,,,,,,,,,,,,,,,,,,,,,,,,,,,,,,,,,
216049,,,,,,,,,,,,,,,,,,,,,,,,,,,,,,,,,,,,,,,,,,,,,,,,,,,,,,,,,,,,,,,,,,,,
216168,,,,,,,,,,,,,,,,,,,,,,,,,,,,,,,,,,,,,,,,,,,,,,,,,,,,,,,,,,,,,,,,,,,,
216257,,,,,,,,,,,,,,,,,,,,,,,,,,,,,,,,,,,,,,,,,,,,,,,,,,,,,,,,,,,,,,,,,,,,
216258,,,,,,,,,,,,,,,,,,,,,,,,,,,,,,,,,,,,,,,,,,,,,,,,,,,,,,,,,,,,,,,,,,,,
216261,,,,,,,,,,,,,,,,,,,,,,,,,,,,,,,,,,,,,,,,,,,,,,,,,,,,,,,,,,,,,,,,,,,,
216262,,,,,,,,,,,,,,,,,,,,,,,,,,,,,,,,,,,,,,,,,,,,,,,,,,,,,,,,,,,,,,,,,,,,
216270,,,,,,,,,,,,,,,,,,,,,,,,,,,,,,,,,,,,,,,,,,,,,,,,,,,,,,,,,,,,,,,,,,,,
216374,,,,,,,,,,,,,,,,,,,,,,,,,,,,,,,,,,,,,,,,,,,,,,,,,,,,,,,,,,,,,,,,,,,,
216975,,,,,,,,,,,,,,,,,,,,,,,,,,,,,,,,,,,,,,,,,,,,,,,,,,,,,,,,,,,,,,,,,,,,
216977,,,,,,,,,,,,,,,,,,,,,,,,,,,,,,,,,,,,,,,,,,,,,,,,,,,,,,,,,,,,,,,,,,,,
216984,,,,,,,,,,,,,,,,,,,,,,,,,,,,,,,,,,,,,,,,,,,,,,,,,,,,,,,,,,,,,,,,,,,,
216988,,,,,,,,,,,,,,,,,,,,,,,,,,,,,,,,,,,,,,,,,,,,,,,,,,,,,,,,,,,,,,,,,,,,
217015,,,,,,,,,,,,,,,,,,,,,,,,,,,,,,,,,,,,,,,,,,,,,,,,,,,,,,,,,,,,,,,,,,,,
217020,,,,,,,,,,,,,,,,,,,,,,,,,,,,,,,,,,,,,,,,,,,,,,,,,,,,,,,,,,,,,,,,,,,,
217021,,,,,,,,,,,,,,,,,,,,,,,,,,,,,,,,,,,,,,,,,,,,,,,,,,,,,,,,,,,,,,,,,,,,
217033,,,,,,,,,,,,,,,,,,,,,,,,,,,,,,,,,,,,,,,,,,,,,,,,,,,,,,,,,,,,,,,,,,,,
217276,,,,,,,,,,,,,,,,,,,,,,,,,,,,,,,,,,,,,,,,,,,,,,,,,,,,,,,,,,,,,,,,,,,,
217280,,,,,,,,,,,,,,,,,,,,,,,,,,,,,,,,,,,,,,,,,,,,,,,,,,,,,,,,,,,,,,,,,,,,
217284,,,,,,,,,,,,,,,,,,,,,,,,,,,,,,,,,,,,,,,,,,,,,,,,,,,,,,,,,,,,,,,,,,,,
217291,,,,,,,,,,,,,,,,,,,,,,,,,,,,,,,,,,,,,,,,,,,,,,,,,,,,,,,,,,,,,,,,,,,,
217294,,,,,,,,,,,,,,,,,,,,,,,,,,,,,,,,,,,,,,,,,,,,,,,,,,,,,,,,,,,,,,,,,,,,
217295,,,,,,,,,,,,,,,,,,,,,,,,,,,,,,,,,,,,,,,,,,,,,,,,,,,,,,,,,,,,,,,,,,,,
217298,,,,,,,,,,,,,,,,,,,,,,,,,,,,,,,,,,,,,,,,,,,,,,,,,,,,,,,,,,,,,,,,,,,,
217299,,,,,,,,,,,,,,,,,,,,,,,,,,,,,,,,,,,,,,,,,,,,,,,,,,,,,,,,,,,,,,,,,,,,
217300,,,,,,,,,,,,,,,,,,,,,,,,,,,,,,,,,,,,,,,,,,,,,,,,,,,,,,,,,,,,,,,,,,,,
217338,,,,,,,,,,,,,,,,,,,,,,,,,,,,,,,,,,,,,,,,,,,,,,,,,,,,,,,,,,,,,,,,,,,,
217340,,,,,,,,,,,,,,,,,,,,,,,,,,,,,,,,,,,,,,,,,,,,,,,,,,,,,,,,,,,,,,,,,,,,
217353,,,,,,,,,,,,,,,,,,,,,,,,,,,,,,,,,,,,,,,,,,,,,,,,,,,,,,,,,,,,,,,,,,,,
217679,,,,,,,,,,,,,,,,,,,,,,,,,,,,,,,,,,,,,,,,,,,,,,,,,,,,,,,,,,,,,,,,,,,,
217684,,,,,,,,,,,,,,,,,,,,,,,,,,,,,,,,,,,,,,,,,,,,,,,,,,,,,,,,,,,,,,,,,,,,
217734,,,,,,,,,,,,,,,,,,,,,,,,,,,,,,,,,,,,,,,,,,,,,,,,,,,,,,,,,,,,,,,,,,,,
217847,,,,,,,,,,,,,,,,,,,,,,,,,,,,,,,,,,,,,,,,,,,,,,,,,,,,,,,,,,,,,,,,,,,,
217905,,,,,,,,,,,,,,,,,,,,,,,,,,,,,,,,,,,,,,,,,,,,,,,,,,,,,,,,,,,,,,,,,,,,
218012,,,,,,,,,,,,,,,,,,,,,,,,,,,,,,,,,,,,,,,,,,,,,,,,,,,,,,,,,,,,,,,,,,,,
219675,,,,,,,,,,,,,,,,,,,,,,,,,,,,,,,,,,,,,,,,,,,,,,,,,,,,,,,,,,,,,,,,,,,,
221691,,,,,,,,,,,,,,,,,,,,,,,,,,,,,,,,,,,,,,,,,,,,,,,,,,,,,,,,,,,,,,,,,,,,
221692,,,,,,,,,,,,,,,,,,,,,,,,,,,,,,,,,,,,,,,,,,,,,,,,,,,,,,,,,,,,,,,,,,,,
221693,,,,,,,,,,,,,,,,,,,,,,,,,,,,,,,,,,,,,,,,,,,,,,,,,,,,,,,,,,,,,,,,,,,,
221694,,,,,,,,,,,,,,,,,,,,,,,,,,,,,,,,,,,,,,,,,,,,,,,,,,,,,,,,,,,,,,,,,,,,
221695,,,,,,,,,,,,,,,,,,,,,,,,,,,,,,,,,,,,,,,,,,,,,,,,,,,,,,,,,,,,,,,,,,,,
221699,,,,,,,,,,,,,,,,,,,,,,,,,,,,,,,,,,,,,,,,,,,,,,,,,,,,,,,,,,,,,,,,,,,,
221740,,,,,,,,,,,,,,,,,,,,,,,,,,,,,,,,,,,,,,,,,,,,,,,,,,,,,,,,,,,,,,,,,,,,
221754,,,,,,,,,,,,,,,,,,,,,,,,,,,,,,,,,,,,,,,,,,,,,,,,,,,,,,,,,,,,,,,,,,,,
221776,,,,,,,,,,,,,,,,,,,,,,,,,,,,,,,,,,,,,,,,,,,,,,,,,,,,,,,,,,,,,,,,,,,,
221901,,,,,,,,,,,,,,,,,,,,,,,,,,,,,,,,,,,,,,,,,,,,,,,,,,,,,,,,,,,,,,,,,,,,
221902,,,,,,,,,,,,,,,,,,,,,,,,,,,,,,,,,,,,,,,,,,,,,,,,,,,,,,,,,,,,,,,,,,,,
221904,,,,,,,,,,,,,,,,,,,,,,,,,,,,,,,,,,,,,,,,,,,,,,,,,,,,,,,,,,,,,,,,,,,,
221905,,,,,,,,,,,,,,,,,,,,,,,,,,,,,,,,,,,,,,,,,,,,,,,,,,,,,,,,,,,,,,,,,,,,
221963,,,,,,,,,,,,,,,,,,,,,,,,,,,,,,,,,,,,,,,,,,,,,,,,,,,,,,,,,,,,,,,,,,,,
224170,,,,,,,,,,,,,,,,,,,,,,,,,,,,,,,,,,,,,,,,,,,,,,,,,,,,,,,,,,,,,,,,,,,,
224324,,,,,,,,,,,,,,,,,,,,,,,,,,,,,,,,,,,,,,,,,,,,,,,,,,,,,,,,,,,,,,,,,,,,
224326,,,,,,,,,,,,,,,,,,,,,,,,,,,,,,,,,,,,,,,,,,,,,,,,,,,,,,,,,,,,,,,,,,,,
224329,,,,,,,,,,,,,,,,,,,,,,,,,,,,,,,,,,,,,,,,,,,,,,,,,,,,,,,,,,,,,,,,,,,,
224332,,,,,,,,,,,,,,,,,,,,,,,,,,,,,,,,,,,,,,,,,,,,,,,,,,,,,,,,,,,,,,,,,,,,
224333,,,,,,,,,,,,,,,,,,,,,,,,,,,,,,,,,,,,,,,,,,,,,,,,,,,,,,,,,,,,,,,,,,,,
224336,,,,,,,,,,,,,,,,,,,,,,,,,,,,,,,,,,,,,,,,,,,,,,,,,,,,,,,,,,,,,,,,,,,,
225329,,,,,,,,,,,,,,,,,,,,,,,,,,,,,,,,,,,,,,,,,,,,,,,,,,,,,,,,,,,,,,,,,,,,
228402,,,,,,,,,,,,,,,,,,,,,,,,,,,,,,,,,,,,,,,,,,,,,,,,,,,,,,,,,,,,,,,,,,,,
